scenario,scheduler,scheduler_algorithm,workload,task_id,task_status,current_attempt_id,current_attempt_no,recovery_count,last_failure_reason,attempt_id,attempt_no,attempt_status,attempt_worker_id,attempt_failure_reason,assigned_at,last_heartbeat,completed_at
baseline,RR,RR,heterogeneous-smoke,task-1777279353105342000,completed,att-task-1777279353105342000-1,1,0,,att-task-1777279353105342000-1,1,completed,worker-large,,1777279357,0,1777279361
baseline,RR,RR,heterogeneous-smoke,task-1777279353107087000,completed,att-task-1777279353107087000-1,1,0,,att-task-1777279353107087000-1,1,completed,worker-medium,,1777279357,0,1777279361
baseline,RR,RR,heterogeneous-smoke,task-1777279353108277000,completed,att-task-1777279353108277000-1,1,0,,att-task-1777279353108277000-1,1,completed,worker-small,,1777279357,1777279362,1777279365
baseline,RR,RR,heterogeneous-smoke,task-1777279353109518000,completed,att-task-1777279353109518000-1,1,0,,att-task-1777279353109518000-1,1,completed,worker-large,,1777279357,0,1777279361
baseline,RR,RR,heterogeneous-smoke,task-1777279353110730000,completed,att-task-1777279353110730000-1,1,0,,att-task-1777279353110730000-1,1,completed,worker-medium,,1777279357,0,1777279361
baseline,RR,RR,heterogeneous-smoke,task-1777279353111862000,completed,att-task-1777279353111862000-1,1,0,,att-task-1777279353111862000-1,1,completed,worker-large,,1777279362,0,1777279366
baseline,RR,RR,heterogeneous-smoke,task-1777279353113167000,completed,att-task-1777279353113167000-1,1,0,,att-task-1777279353113167000-1,1,completed,worker-large,,1777279357,0,1777279361
baseline,RR,RR,heterogeneous-smoke,task-1777279353114332000,completed,att-task-1777279353114332000-1,1,0,,att-task-1777279353114332000-1,1,completed,worker-large,,1777279367,1777279372,1777279376
baseline,RR,RR,heterogeneous-smoke,task-1777279353115389000,completed,att-task-1777279353115389000-1,1,0,,att-task-1777279353115389000-1,1,completed,worker-medium,,1777279357,1777279377,1777279381
baseline,RR,RR,heterogeneous-smoke,task-1777279353116347000,completed,att-task-1777279353116347000-1,1,0,,att-task-1777279353116347000-1,1,completed,worker-large,,1777279377,0,1777279381
baseline,RR,RR,steady-cpu,task-1777279386446974000,completed,att-task-1777279386446974000-1,1,0,,att-task-1777279386446974000-1,1,completed,worker-large,,1777279387,0,1777279391
baseline,RR,RR,steady-cpu,task-1777279387453792000,completed,att-task-1777279387453792000-1,1,0,,att-task-1777279387453792000-1,1,completed,worker-medium,,1777279387,0,1777279391
baseline,RR,RR,steady-cpu,task-1777279388459868000,completed,att-task-1777279388459868000-1,1,0,,att-task-1777279388459868000-1,1,completed,worker-small,,1777279392,1777279452,1777279454
baseline,RR,RR,steady-cpu,task-1777279389467499000,completed,att-task-1777279389467499000-1,1,0,,att-task-1777279389467499000-1,1,completed,worker-large,,1777279392,0,1777279396
baseline,RR,RR,steady-cpu,task-1777279390476475000,completed,att-task-1777279390476475000-1,1,0,,att-task-1777279390476475000-1,1,completed,worker-medium,,1777279392,0,1777279396
baseline,RR,RR,steady-cpu,task-1777279391484292000,completed,att-task-1777279391484292000-1,1,0,,att-task-1777279391484292000-1,1,completed,worker-large,,1777279392,0,1777279396
baseline,RR,RR,steady-cpu,task-1777279392494575000,completed,att-task-1777279392494575000-1,1,0,,att-task-1777279392494575000-1,1,completed,worker-medium,,1777279392,1777279397,1777279397
baseline,RR,RR,steady-cpu,task-1777279393503282000,completed,att-task-1777279393503282000-1,1,0,,att-task-1777279393503282000-1,1,completed,worker-large,,1777279397,1777279417,1777279418
baseline,RR,RR,bursty,task-1777279459839380000,completed,att-task-1777279459839380000-1,1,0,,att-task-1777279459839380000-1,1,completed,worker-large,,1777279462,1777279472,1777279473
baseline,RR,RR,bursty,task-1777279459843360000,completed,att-task-1777279459843360000-1,1,0,,att-task-1777279459843360000-1,1,completed,worker-medium,,1777279462,0,1777279466
baseline,RR,RR,bursty,task-1777279459846307000,failed,att-task-1777279459846307000-1,1,0,,att-task-1777279459846307000-1,1,failed,worker-small,container_failed,1777279462,0,1777279465
baseline,RR,RR,bursty,task-1777279459848610000,completed,att-task-1777279459848610000-1,1,0,,att-task-1777279459848610000-1,1,completed,worker-large,,1777279462,0,1777279466
baseline,RR,RR,bursty,task-1777279463853601000,completed,att-task-1777279463853601000-1,1,0,,att-task-1777279463853601000-1,1,completed,worker-medium,,1777279467,0,1777279471
baseline,RR,RR,bursty,task-1777279463856924000,completed,att-task-1777279463856924000-1,1,0,,att-task-1777279463856924000-1,1,completed,worker-large,,1777279467,0,1777279471
baseline,RR,RR,bursty,task-1777279463860182000,completed,att-task-1777279463860182000-1,1,0,,att-task-1777279463860182000-1,1,completed,worker-medium,,1777279467,0,1777279471
baseline,RR,RR,bursty,task-1777279467864572000,failed,att-task-1777279467864572000-1,1,0,,att-task-1777279467864572000-1,1,failed,worker-large,container_failed,1777279472,0,1777279475
baseline,RR,RR,bursty,task-1777279467866615000,completed,att-task-1777279467866615000-1,1,0,,att-task-1777279467866615000-1,1,completed,worker-medium,,1777279472,0,1777279476
baseline,RR,RR,bursty,task-1777279467868004000,completed,att-task-1777279467868004000-1,1,0,,att-task-1777279467868004000-1,1,completed,worker-large,,1777279472,0,1777279476
baseline,RR,RR,memory-pressure,task-1777279480001123000,failed,att-task-1777279480001123000-1,1,0,,att-task-1777279480001123000-1,1,failed,worker-large,container_failed,1777279482,0,1777279486
baseline,RR,RR,memory-pressure,task-1777279480511408000,failed,att-task-1777279480511408000-1,1,0,,att-task-1777279480511408000-1,1,failed,worker-medium,container_failed,1777279482,1777279487,1777279490
baseline,RR,RR,memory-pressure,task-1777279481016018000,completed,att-task-1777279481016018000-1,1,0,,att-task-1777279481016018000-1,1,completed,worker-small,,1777279482,0,1777279486
baseline,RR,RR,memory-pressure,task-1777279481526046000,failed,att-task-1777279481526046000-1,1,0,,att-task-1777279481526046000-1,1,failed,worker-large,container_failed,1777279482,0,1777279486
baseline,RR,RR,memory-pressure,task-1777279482031993000,completed,att-task-1777279482031993000-1,1,0,,att-task-1777279482031993000-1,1,completed,worker-small,,1777279487,1777279497,1777279498
baseline,RR,RR,memory-pressure,task-1777279482540557000,failed,att-task-1777279482540557000-1,1,0,,att-task-1777279482540557000-1,1,failed,worker-large,container_failed,1777279487,0,1777279490
baseline,RTS,RTS,heterogeneous-smoke,task-1777279503707260000,completed,att-task-1777279503707260000-1,1,0,,att-task-1777279503707260000-1,1,completed,worker-large,,1777279507,0,1777279511
baseline,RTS,RTS,heterogeneous-smoke,task-1777279503709836000,completed,att-task-1777279503709836000-1,1,0,,att-task-1777279503709836000-1,1,completed,worker-small,,1777279507,0,1777279511
baseline,RTS,RTS,heterogeneous-smoke,task-1777279503711100000,completed,att-task-1777279503711100000-1,1,0,,att-task-1777279503711100000-1,1,completed,worker-medium,,1777279507,0,1777279511
baseline,RTS,RTS,heterogeneous-smoke,task-1777279503712638000,completed,att-task-1777279503712638000-1,1,0,,att-task-1777279503712638000-1,1,completed,worker-medium,,1777279507,0,1777279511
baseline,RTS,RTS,heterogeneous-smoke,task-1777279503713886000,completed,att-task-1777279503713886000-1,1,0,,att-task-1777279503713886000-1,1,completed,worker-large,,1777279507,0,1777279511
baseline,RTS,RTS,heterogeneous-smoke,task-1777279503715031000,completed,att-task-1777279503715031000-1,1,0,,att-task-1777279503715031000-1,1,completed,worker-large,,1777279507,0,1777279511
baseline,RTS,RTS,heterogeneous-smoke,task-1777279503716181000,completed,att-task-1777279503716181000-1,1,0,,att-task-1777279503716181000-1,1,completed,worker-large,,1777279512,0,1777279516
baseline,RTS,RTS,heterogeneous-smoke,task-1777279503717291000,completed,att-task-1777279503717291000-1,1,0,,att-task-1777279503717291000-1,1,completed,worker-medium,,1777279512,0,1777279516
baseline,RTS,RTS,heterogeneous-smoke,task-1777279503718931000,completed,att-task-1777279503718931000-1,1,0,,att-task-1777279503718931000-1,1,completed,worker-large,,1777279507,1777279517,1777279517
baseline,RTS,RTS,heterogeneous-smoke,task-1777279503719964000,completed,att-task-1777279503719964000-1,1,0,,att-task-1777279503719964000-1,1,completed,worker-large,,1777279517,0,1777279521
baseline,RTS,RTS,steady-cpu,task-1777279524969783000,completed,att-task-1777279524969783000-1,1,0,,att-task-1777279524969783000-1,1,completed,worker-large,,1777279527,0,1777279531
baseline,RTS,RTS,steady-cpu,task-1777279525977979000,completed,att-task-1777279525977979000-1,1,0,,att-task-1777279525977979000-1,1,completed,worker-large,,1777279527,0,1777279531
baseline,RTS,RTS,steady-cpu,task-1777279526985558000,completed,att-task-1777279526985558000-1,1,0,,att-task-1777279526985558000-1,1,completed,worker-large,,1777279527,0,1777279531
baseline,RTS,RTS,steady-cpu,task-1777279527991655000,completed,att-task-1777279527991655000-1,1,0,,att-task-1777279527991655000-1,1,completed,worker-large,,1777279532,0,1777279536
baseline,RTS,RTS,steady-cpu,task-1777279529001091000,completed,att-task-1777279529001091000-1,1,0,,att-task-1777279529001091000-1,1,completed,worker-large,,1777279532,0,1777279536
baseline,RTS,RTS,steady-cpu,task-1777279530007972000,completed,att-task-1777279530007972000-1,1,0,,att-task-1777279530007972000-1,1,completed,worker-medium,,1777279532,0,1777279536
baseline,RTS,RTS,steady-cpu,task-1777279531013448000,completed,att-task-1777279531013448000-1,1,0,,att-task-1777279531013448000-1,1,completed,worker-large,,1777279532,0,1777279536
baseline,RTS,RTS,steady-cpu,task-1777279532018133000,completed,att-task-1777279532018133000-1,1,0,,att-task-1777279532018133000-1,1,completed,worker-large,,1777279537,0,1777279541
baseline,RTS,RTS,bursty,task-1777279547179394000,completed,att-task-1777279547179394000-1,1,0,,att-task-1777279547179394000-1,1,completed,worker-medium,,1777279547,0,1777279551
baseline,RTS,RTS,bursty,task-1777279547182556000,completed,att-task-1777279547182556000-1,1,0,,att-task-1777279547182556000-1,1,completed,worker-medium,,1777279547,0,1777279551
baseline,RTS,RTS,bursty,task-1777279547185436000,failed,att-task-1777279547185436000-1,1,0,,att-task-1777279547185436000-1,1,failed,worker-large,container_failed,1777279547,0,1777279551
baseline,RTS,RTS,bursty,task-1777279547188694000,completed,att-task-1777279547188694000-1,1,0,,att-task-1777279547188694000-1,1,completed,worker-large,,1777279547,0,1777279551
baseline,RTS,RTS,bursty,task-1777279551196233000,completed,att-task-1777279551196233000-1,1,0,,att-task-1777279551196233000-1,1,completed,worker-large,,1777279552,0,1777279556
baseline,RTS,RTS,bursty,task-1777279551198341000,completed,att-task-1777279551198341000-1,1,0,,att-task-1777279551198341000-1,1,completed,worker-large,,1777279552,0,1777279556
baseline,RTS,RTS,bursty,task-1777279551200331000,completed,att-task-1777279551200331000-1,1,0,,att-task-1777279551200331000-1,1,completed,worker-large,,1777279552,0,1777279556
baseline,RTS,RTS,bursty,task-1777279555208851000,failed,att-task-1777279555208851000-1,1,0,,att-task-1777279555208851000-1,1,failed,worker-large,container_failed,1777279557,0,1777279560
baseline,RTS,RTS,bursty,task-1777279555214740000,completed,att-task-1777279555214740000-1,1,0,,att-task-1777279555214740000-1,1,completed,worker-large,,1777279557,1777279582,1777279585
baseline,RTS,RTS,bursty,task-1777279555217978000,completed,att-task-1777279555217978000-1,1,0,,att-task-1777279555217978000-1,1,completed,worker-medium,,1777279557,0,1777279561
baseline,RTS,RTS,memory-pressure,task-1777279588463013000,failed,att-task-1777279588463013000-1,1,0,,att-task-1777279588463013000-1,1,failed,worker-medium,container_failed,1777279592,0,1777279595
baseline,RTS,RTS,memory-pressure,task-1777279588969932000,failed,att-task-1777279588969932000-1,1,0,,att-task-1777279588969932000-1,1,failed,worker-large,container_failed,1777279592,0,1777279596
baseline,RTS,RTS,memory-pressure,task-1777279589479181000,completed,att-task-1777279589479181000-1,1,0,,att-task-1777279589479181000-1,1,completed,worker-small,,1777279592,0,1777279596
baseline,RTS,RTS,memory-pressure,task-1777279589991650000,failed,att-task-1777279589991650000-1,1,0,,att-task-1777279589991650000-1,1,failed,worker-large,container_failed,1777279592,0,1777279595
baseline,RTS,RTS,memory-pressure,task-1777279590500040000,completed,att-task-1777279590500040000-1,1,0,,att-task-1777279590500040000-1,1,completed,worker-medium,,1777279597,0,1777279601
baseline,RTS,RTS,memory-pressure,task-1777279591010740000,failed,att-task-1777279591010740000-1,1,0,,att-task-1777279591010740000-1,1,failed,worker-large,container_failed,1777279597,1777279602,1777279602
baseline,PPO,PPO,heterogeneous-smoke,task-1777279606183491000,completed,att-task-1777279606183491000-1,1,0,,att-task-1777279606183491000-1,1,completed,worker-large,,1777279607,0,1777279611
baseline,PPO,PPO,heterogeneous-smoke,task-1777279606186260000,completed,att-task-1777279606186260000-1,1,0,,att-task-1777279606186260000-1,1,completed,worker-large,,1777279607,0,1777279611
baseline,PPO,PPO,heterogeneous-smoke,task-1777279606188839000,completed,att-task-1777279606188839000-1,1,0,,att-task-1777279606188839000-1,1,completed,worker-large,,1777279607,0,1777279611
baseline,PPO,PPO,heterogeneous-smoke,task-1777279606191441000,completed,att-task-1777279606191441000-1,1,0,,att-task-1777279606191441000-1,1,completed,worker-medium,,1777279607,0,1777279611
baseline,PPO,PPO,heterogeneous-smoke,task-1777279606194009000,completed,att-task-1777279606194009000-1,1,0,,att-task-1777279606194009000-1,1,completed,worker-large,,1777279607,0,1777279611
baseline,PPO,PPO,heterogeneous-smoke,task-1777279606196550000,completed,att-task-1777279606196550000-1,1,0,,att-task-1777279606196550000-1,1,completed,worker-large,,1777279612,0,1777279616
baseline,PPO,PPO,heterogeneous-smoke,task-1777279606199608000,completed,att-task-1777279606199608000-1,1,0,,att-task-1777279606199608000-1,1,completed,worker-medium,,1777279607,0,1777279611
baseline,PPO,PPO,heterogeneous-smoke,task-1777279606201923000,completed,att-task-1777279606201923000-1,1,0,,att-task-1777279606201923000-1,1,completed,worker-medium,,1777279612,0,1777279616
baseline,PPO,PPO,heterogeneous-smoke,task-1777279606204189000,completed,att-task-1777279606204189000-1,1,0,,att-task-1777279606204189000-1,1,completed,worker-small,,1777279607,0,1777279611
baseline,PPO,PPO,heterogeneous-smoke,task-1777279606206645000,completed,att-task-1777279606206645000-1,1,0,,att-task-1777279606206645000-1,1,completed,worker-large,,1777279617,1777279622,1777279622
baseline,PPO,PPO,steady-cpu,task-1777279627464955000,completed,att-task-1777279627464955000-1,1,0,,att-task-1777279627464955000-1,1,completed,worker-large,,1777279627,1777279687,1777279691
baseline,PPO,PPO,steady-cpu,task-1777279628470531000,completed,att-task-1777279628470531000-1,1,0,,att-task-1777279628470531000-1,1,completed,worker-large,,1777279632,0,1777279636
baseline,PPO,PPO,steady-cpu,task-1777279629477264000,completed,att-task-1777279629477264000-1,1,0,,att-task-1777279629477264000-1,1,completed,worker-large,,1777279632,0,1777279636
baseline,PPO,PPO,steady-cpu,task-1777279630483415000,completed,att-task-1777279630483415000-1,1,0,,att-task-1777279630483415000-1,1,completed,worker-medium,,1777279632,0,1777279636
baseline,PPO,PPO,steady-cpu,task-1777279631491598000,completed,att-task-1777279631491598000-1,1,0,,att-task-1777279631491598000-1,1,completed,worker-large,,1777279632,0,1777279636
baseline,PPO,PPO,steady-cpu,task-1777279632497052000,completed,att-task-1777279632497052000-1,1,0,,att-task-1777279632497052000-1,1,completed,worker-large,,1777279637,0,1777279641
baseline,PPO,PPO,steady-cpu,task-1777279633507370000,completed,att-task-1777279633507370000-1,1,0,,att-task-1777279633507370000-1,1,completed,worker-large,,1777279637,0,1777279641
baseline,PPO,PPO,steady-cpu,task-1777279634516722000,completed,att-task-1777279634516722000-1,1,0,,att-task-1777279634516722000-1,1,completed,worker-medium,,1777279637,0,1777279641
baseline,PPO,PPO,bursty,task-1777279694881560000,completed,att-task-1777279694881560000-1,1,0,,att-task-1777279694881560000-1,1,completed,worker-large,,1777279697,1777279757,1777279760
baseline,PPO,PPO,bursty,task-1777279694885791000,completed,att-task-1777279694885791000-1,1,0,,att-task-1777279694885791000-1,1,completed,worker-large,,1777279697,0,1777279701
baseline,PPO,PPO,bursty,task-1777279694889294000,failed,att-task-1777279694889294000-1,1,0,,att-task-1777279694889294000-1,1,failed,worker-large,container_failed,1777279697,1777279702,1777279704
baseline,PPO,PPO,bursty,task-1777279694892691000,completed,att-task-1777279694892691000-1,1,0,,att-task-1777279694892691000-1,1,completed,worker-medium,,1777279697,0,1777279701
baseline,PPO,PPO,bursty,task-1777279698902124000,completed,att-task-1777279698902124000-1,1,0,,att-task-1777279698902124000-1,1,completed,worker-large,,1777279702,0,1777279706
baseline,PPO,PPO,bursty,task-1777279698911383000,completed,att-task-1777279698911383000-1,1,0,,att-task-1777279698911383000-1,1,completed,worker-medium,,1777279702,0,1777279706
baseline,PPO,PPO,bursty,task-1777279698914764000,completed,att-task-1777279698914764000-1,1,0,,att-task-1777279698914764000-1,1,completed,worker-large,,1777279702,1777279707,1777279707
baseline,PPO,PPO,bursty,task-1777279702917948000,failed,att-task-1777279702917948000-1,1,0,,att-task-1777279702917948000-1,1,failed,worker-large,container_failed,1777279707,0,1777279710
baseline,PPO,PPO,bursty,task-1777279702920182000,completed,att-task-1777279702920182000-1,1,0,,att-task-1777279702920182000-1,1,completed,worker-large,,1777279707,0,1777279711
baseline,PPO,PPO,bursty,task-1777279702922075000,completed,att-task-1777279702922075000-1,1,0,,att-task-1777279702922075000-1,1,completed,worker-medium,,1777279707,0,1777279711
baseline,PPO,PPO,memory-pressure,task-1777279766286532000,failed,att-task-1777279766286532000-1,1,0,,att-task-1777279766286532000-1,1,failed,worker-large,container_failed,1777279767,1777279827,1777279830
baseline,PPO,PPO,memory-pressure,task-1777279766792384000,failed,att-task-1777279766792384000-1,1,0,,att-task-1777279766792384000-1,1,failed,worker-large,container_failed,1777279767,1777279772,1777279776
baseline,PPO,PPO,memory-pressure,task-1777279767305475000,completed,att-task-1777279767305475000-1,1,0,,att-task-1777279767305475000-1,1,completed,worker-medium,,1777279767,0,1777279771
baseline,PPO,PPO,memory-pressure,task-1777279767819610000,failed,att-task-1777279767819610000-1,1,0,,att-task-1777279767819610000-1,1,failed,worker-medium,container_failed,1777279772,0,1777279776
baseline,PPO,PPO,memory-pressure,task-1777279768328224000,completed,att-task-1777279768328224000-1,1,0,,att-task-1777279768328224000-1,1,completed,worker-small,,1777279772,1777279812,1777279816
baseline,PPO,PPO,memory-pressure,task-1777279768886244000,failed,att-task-1777279768886244000-1,1,0,,att-task-1777279768886244000-1,1,failed,worker-large,container_failed,1777279777,0,1777279780
burst,RR,RR,heterogeneous-smoke,task-1777279835316732000,completed,att-task-1777279835316732000-1,1,0,,att-task-1777279835316732000-1,1,completed,worker-large,,1777279837,0,1777279841
burst,RR,RR,heterogeneous-smoke,task-1777279835321625000,completed,att-task-1777279835321625000-1,1,0,,att-task-1777279835321625000-1,1,completed,worker-medium,,1777279837,0,1777279841
burst,RR,RR,heterogeneous-smoke,task-1777279835326092000,completed,att-task-1777279835326092000-1,1,0,,att-task-1777279835326092000-1,1,completed,worker-small,,1777279837,1777279867,1777279871
burst,RR,RR,heterogeneous-smoke,task-1777279835329537000,completed,att-task-1777279835329537000-1,1,0,,att-task-1777279835329537000-1,1,completed,worker-large,,1777279837,0,1777279841
burst,RR,RR,heterogeneous-smoke,task-1777279835332805000,completed,att-task-1777279835332805000-1,1,0,,att-task-1777279835332805000-1,1,completed,worker-medium,,1777279837,0,1777279841
burst,RR,RR,heterogeneous-smoke,task-1777279835336106000,completed,att-task-1777279835336106000-1,1,0,,att-task-1777279835336106000-1,1,completed,worker-large,,1777279842,0,1777279846
burst,RR,RR,heterogeneous-smoke,task-1777279835338350000,completed,att-task-1777279835338350000-1,1,0,,att-task-1777279835338350000-1,1,completed,worker-large,,1777279837,1777279842,1777279843
burst,RR,RR,heterogeneous-smoke,task-1777279835340045000,completed,att-task-1777279835340045000-1,1,0,,att-task-1777279835340045000-1,1,completed,worker-medium,,1777279842,1777279847,1777279849
burst,RR,RR,heterogeneous-smoke,task-1777279835342039000,completed,att-task-1777279835342039000-1,1,0,,att-task-1777279835342039000-1,1,completed,worker-medium,,1777279837,0,1777279841
burst,RR,RR,heterogeneous-smoke,task-1777279835343937000,completed,att-task-1777279835343937000-1,1,0,,att-task-1777279835343937000-1,1,completed,worker-large,,1777279847,1777279852,1777279853
burst,RR,RR,steady-cpu,task-1777279877688981000,completed,att-task-1777279877688981000-1,1,0,,att-task-1777279877688981000-1,1,completed,worker-large,,1777279877,0,1777279881
burst,RR,RR,steady-cpu,task-1777279877691889000,completed,att-task-1777279877691889000-1,1,0,,att-task-1777279877691889000-1,1,completed,worker-medium,,1777279877,1777279882,1777279882
burst,RR,RR,steady-cpu,task-1777279877694526000,completed,att-task-1777279877694526000-1,1,0,,att-task-1777279877694526000-1,1,completed,worker-small,,1777279877,0,1777279881
burst,RR,RR,steady-cpu,task-1777279877697652000,completed,att-task-1777279877697652000-1,1,0,,att-task-1777279877697652000-1,1,completed,worker-large,,1777279877,1777279882,1777279885
burst,RR,RR,steady-cpu,task-1777279877699869000,completed,att-task-1777279877699869000-1,1,0,,att-task-1777279877699869000-1,1,completed,worker-medium,,1777279877,0,1777279881
burst,RR,RR,steady-cpu,task-1777279877702033000,completed,att-task-1777279877702033000-1,1,0,,att-task-1777279877702033000-1,1,completed,worker-large,,1777279882,0,1777279886
burst,RR,RR,steady-cpu,task-1777279877704683000,completed,att-task-1777279877704683000-1,1,0,,att-task-1777279877704683000-1,1,completed,worker-small,,1777279877,0,1777279881
burst,RR,RR,steady-cpu,task-1777279877707571000,completed,att-task-1777279877707571000-1,1,0,,att-task-1777279877707571000-1,1,completed,worker-medium,,1777279882,0,1777279886
burst,RR,RR,bursty,task-1777279889859936000,completed,att-task-1777279889859936000-1,1,0,,att-task-1777279889859936000-1,1,completed,worker-large,,1777279892,0,1777279896
burst,RR,RR,bursty,task-1777279889863531000,completed,att-task-1777279889863531000-1,1,0,,att-task-1777279889863531000-1,1,completed,worker-medium,,1777279892,0,1777279896
burst,RR,RR,bursty,task-1777279889866457000,failed,att-task-1777279889866457000-1,1,0,,att-task-1777279889866457000-1,1,failed,worker-small,container_failed,1777279892,0,1777279895
burst,RR,RR,bursty,task-1777279889869291000,completed,att-task-1777279889869291000-1,1,0,,att-task-1777279889869291000-1,1,completed,worker-large,,1777279892,0,1777279896
burst,RR,RR,bursty,task-1777279889871786000,completed,att-task-1777279889871786000-1,1,0,,att-task-1777279889871786000-1,1,completed,worker-medium,,1777279892,0,1777279896
burst,RR,RR,bursty,task-1777279889874238000,completed,att-task-1777279889874238000-1,1,0,,att-task-1777279889874238000-1,1,completed,worker-medium,,1777279897,0,1777279901
burst,RR,RR,bursty,task-1777279889876807000,completed,att-task-1777279889876807000-1,1,0,,att-task-1777279889876807000-1,1,completed,worker-large,,1777279892,0,1777279896
burst,RR,RR,bursty,task-1777279889879202000,failed,att-task-1777279889879202000-1,1,0,,att-task-1777279889879202000-1,1,failed,worker-large,container_failed,1777279897,0,1777279901
burst,RR,RR,bursty,task-1777279889881707000,completed,att-task-1777279889881707000-1,1,0,,att-task-1777279889881707000-1,1,completed,worker-small,,1777279897,1777279907,1777279907
burst,RR,RR,bursty,task-1777279889884084000,completed,att-task-1777279889884084000-1,1,0,,att-task-1777279889884084000-1,1,completed,worker-large,,1777279897,0,1777279901
burst,RR,RR,memory-pressure,task-1777279911153119000,failed,att-task-1777279911153119000-1,1,0,,att-task-1777279911153119000-1,1,failed,worker-large,container_failed,1777279912,0,1777279916
burst,RR,RR,memory-pressure,task-1777279911157089000,failed,att-task-1777279911157089000-1,1,0,,att-task-1777279911157089000-1,1,failed,worker-medium,container_failed,1777279912,0,1777279916
burst,RR,RR,memory-pressure,task-1777279911160335000,completed,att-task-1777279911160335000-1,1,0,,att-task-1777279911160335000-1,1,completed,worker-small,,1777279912,0,1777279916
burst,RR,RR,memory-pressure,task-1777279911163250000,failed,att-task-1777279911163250000-1,1,0,,att-task-1777279911163250000-1,1,failed,worker-large,container_failed,1777279912,1777279937,1777279937
burst,RR,RR,memory-pressure,task-1777279911165847000,completed,att-task-1777279911165847000-1,1,0,,att-task-1777279911165847000-1,1,completed,worker-medium,,1777279917,0,1777279921
burst,RR,RR,memory-pressure,task-1777279911168347000,failed,att-task-1777279911168347000-1,1,0,,att-task-1777279911168347000-1,1,failed,worker-large,container_failed,1777279917,0,1777279920
burst,RTS,RTS,heterogeneous-smoke,task-1777279941392843000,completed,att-task-1777279941392843000-1,1,0,,att-task-1777279941392843000-1,1,completed,worker-medium,,1777279942,0,1777279946
burst,RTS,RTS,heterogeneous-smoke,task-1777279941396445000,completed,att-task-1777279941396445000-1,1,0,,att-task-1777279941396445000-1,1,completed,worker-medium,,1777279942,0,1777279946
burst,RTS,RTS,heterogeneous-smoke,task-1777279941398861000,completed,att-task-1777279941398861000-1,1,0,,att-task-1777279941398861000-1,1,completed,worker-small,,1777279942,0,1777279945
burst,RTS,RTS,heterogeneous-smoke,task-1777279941401212000,completed,att-task-1777279941401212000-1,1,0,,att-task-1777279941401212000-1,1,completed,worker-large,,1777279942,1777279952,1777279952
burst,RTS,RTS,heterogeneous-smoke,task-1777279941403512000,completed,att-task-1777279941403512000-1,1,0,,att-task-1777279941403512000-1,1,completed,worker-medium,,1777279942,1777280002,1777280005
burst,RTS,RTS,heterogeneous-smoke,task-1777279941405824000,completed,att-task-1777279941405824000-1,1,0,,att-task-1777279941405824000-1,1,completed,worker-large,,1777279942,0,1777279946
burst,RTS,RTS,heterogeneous-smoke,task-1777279941408257000,completed,att-task-1777279941408257000-1,1,0,,att-task-1777279941408257000-1,1,completed,worker-large,,1777279947,1777279952,1777279954
burst,RTS,RTS,heterogeneous-smoke,task-1777279941410849000,completed,att-task-1777279941410849000-1,1,0,,att-task-1777279941410849000-1,1,completed,worker-medium,,1777279947,1777279952,1777279952
burst,RTS,RTS,heterogeneous-smoke,task-1777279941413501000,completed,att-task-1777279941413501000-1,1,0,,att-task-1777279941413501000-1,1,completed,worker-large,,1777279947,0,1777279951
burst,RTS,RTS,heterogeneous-smoke,task-1777279941416043000,completed,att-task-1777279941416043000-1,1,0,,att-task-1777279941416043000-1,1,completed,worker-large,,1777279952,0,1777279956
burst,RTS,RTS,steady-cpu,task-1777280010871486000,completed,att-task-1777280010871486000-1,1,0,,att-task-1777280010871486000-1,1,completed,worker-large,,1777280012,1777280017,1777280021
burst,RTS,RTS,steady-cpu,task-1777280010875148000,completed,att-task-1777280010875148000-1,1,0,,att-task-1777280010875148000-1,1,completed,worker-large,,1777280012,1777280017,1777280018
burst,RTS,RTS,steady-cpu,task-1777280010878165000,completed,att-task-1777280010878165000-1,1,0,,att-task-1777280010878165000-1,1,completed,worker-large,,1777280012,1777280017,1777280018
burst,RTS,RTS,steady-cpu,task-1777280010880852000,completed,att-task-1777280010880852000-1,1,0,,att-task-1777280010880852000-1,1,completed,worker-medium,,1777280012,0,1777280016
burst,RTS,RTS,steady-cpu,task-1777280010883262000,completed,att-task-1777280010883262000-1,1,0,,att-task-1777280010883262000-1,1,completed,worker-large,,1777280012,1777280072,1777280075
burst,RTS,RTS,steady-cpu,task-1777280010885568000,completed,att-task-1777280010885568000-1,1,0,,att-task-1777280010885568000-1,1,completed,worker-medium,,1777280017,1777280077,1777280080
burst,RTS,RTS,steady-cpu,task-1777280010887876000,completed,att-task-1777280010887876000-1,1,0,,att-task-1777280010887876000-1,1,completed,worker-small,,1777280012,0,1777280016
burst,RTS,RTS,steady-cpu,task-1777280010890161000,completed,att-task-1777280010890161000-1,1,0,,att-task-1777280010890161000-1,1,completed,worker-large,,1777280022,0,1777280026
burst,RTS,RTS,bursty,task-1777280083404756000,completed,att-task-1777280083404756000-1,1,0,,att-task-1777280083404756000-1,1,completed,worker-large,,1777280087,1777280092,1777280092
burst,RTS,RTS,bursty,task-1777280083407739000,completed,att-task-1777280083407739000-1,1,0,,att-task-1777280083407739000-1,1,completed,worker-small,,1777280087,0,1777280091
burst,RTS,RTS,bursty,task-1777280083410274000,failed,att-task-1777280083410274000-1,1,0,,att-task-1777280083410274000-1,1,failed,worker-medium,container_failed,1777280087,0,1777280091
burst,RTS,RTS,bursty,task-1777280083412413000,completed,att-task-1777280083412413000-1,1,0,,att-task-1777280083412413000-1,1,completed,worker-large,,1777280087,0,1777280091
burst,RTS,RTS,bursty,task-1777280083414592000,completed,att-task-1777280083414592000-1,1,0,,att-task-1777280083414592000-1,1,completed,worker-medium,,1777280087,0,1777280091
burst,RTS,RTS,bursty,task-1777280083416626000,completed,att-task-1777280083416626000-1,1,0,,att-task-1777280083416626000-1,1,completed,worker-large,,1777280092,0,1777280096
burst,RTS,RTS,bursty,task-1777280083418849000,completed,att-task-1777280083418849000-1,1,0,,att-task-1777280083418849000-1,1,completed,worker-large,,1777280087,0,1777280091
burst,RTS,RTS,bursty,task-1777280083421922000,failed,att-task-1777280083421922000-1,1,0,,att-task-1777280083421922000-1,1,failed,worker-large,container_failed,1777280092,1777280097,1777280097
burst,RTS,RTS,bursty,task-1777280083425041000,completed,att-task-1777280083425041000-1,1,0,,att-task-1777280083425041000-1,1,completed,worker-medium,,1777280092,0,1777280096
burst,RTS,RTS,bursty,task-1777280083427203000,completed,att-task-1777280083427203000-1,1,0,,att-task-1777280083427203000-1,1,completed,worker-large,,1777280097,1777280117,1777280117
burst,RTS,RTS,memory-pressure,task-1777280122799645000,failed,att-task-1777280122799645000-1,1,0,,att-task-1777280122799645000-1,1,failed,worker-large,container_failed,1777280127,0,1777280130
burst,RTS,RTS,memory-pressure,task-1777280122801715000,failed,att-task-1777280122801715000-1,1,0,,att-task-1777280122801715000-1,1,failed,worker-large,container_failed,1777280127,0,1777280131
burst,RTS,RTS,memory-pressure,task-1777280122803882000,completed,att-task-1777280122803882000-1,1,0,,att-task-1777280122803882000-1,1,completed,worker-small,,1777280127,0,1777280131
burst,RTS,RTS,memory-pressure,task-1777280122806024000,failed,att-task-1777280122806024000-1,1,0,,att-task-1777280122806024000-1,1,failed,worker-medium,container_failed,1777280127,0,1777280131
burst,RTS,RTS,memory-pressure,task-1777280122807896000,completed,att-task-1777280122807896000-1,1,0,,att-task-1777280122807896000-1,1,completed,worker-large,,1777280132,0,1777280135
burst,RTS,RTS,memory-pressure,task-1777280122809784000,failed,att-task-1777280122809784000-1,1,0,,att-task-1777280122809784000-1,1,failed,worker-large,container_failed,1777280132,0,1777280135
burst,PPO,PPO,heterogeneous-smoke,task-1777280140991733000,completed,att-task-1777280140991733000-1,1,0,,att-task-1777280140991733000-1,1,completed,worker-large,,1777280142,0,1777280145
burst,PPO,PPO,heterogeneous-smoke,task-1777280140993606000,completed,att-task-1777280140993606000-1,1,0,,att-task-1777280140993606000-1,1,completed,worker-large,,1777280142,0,1777280146
burst,PPO,PPO,heterogeneous-smoke,task-1777280140995326000,completed,att-task-1777280140995326000-1,1,0,,att-task-1777280140995326000-1,1,completed,worker-large,,1777280142,0,1777280146
burst,PPO,PPO,heterogeneous-smoke,task-1777280140996937000,completed,att-task-1777280140996937000-1,1,0,,att-task-1777280140996937000-1,1,completed,worker-medium,,1777280142,0,1777280146
burst,PPO,PPO,heterogeneous-smoke,task-1777280140998595000,completed,att-task-1777280140998595000-1,1,0,,att-task-1777280140998595000-1,1,completed,worker-large,,1777280142,0,1777280145
burst,PPO,PPO,heterogeneous-smoke,task-1777280141000219000,completed,att-task-1777280141000219000-1,1,0,,att-task-1777280141000219000-1,1,completed,worker-large,,1777280147,0,1777280151
burst,PPO,PPO,heterogeneous-smoke,task-1777280141001636000,completed,att-task-1777280141001636000-1,1,0,,att-task-1777280141001636000-1,1,completed,worker-medium,,1777280142,0,1777280145
burst,PPO,PPO,heterogeneous-smoke,task-1777280141003153000,completed,att-task-1777280141003153000-1,1,0,,att-task-1777280141003153000-1,1,completed,worker-medium,,1777280147,0,1777280150
burst,PPO,PPO,heterogeneous-smoke,task-1777280141004983000,completed,att-task-1777280141004983000-1,1,0,,att-task-1777280141004983000-1,1,completed,worker-small,,1777280142,0,1777280146
burst,PPO,PPO,heterogeneous-smoke,task-1777280141006722000,completed,att-task-1777280141006722000-1,1,0,,att-task-1777280141006722000-1,1,completed,worker-large,,1777280152,0,1777280156
burst,PPO,PPO,steady-cpu,task-1777280159233983000,completed,att-task-1777280159233983000-1,1,0,,att-task-1777280159233983000-1,1,completed,worker-large,,1777280162,0,1777280165
burst,PPO,PPO,steady-cpu,task-1777280159236026000,completed,att-task-1777280159236026000-1,1,0,,att-task-1777280159236026000-1,1,completed,worker-large,,1777280162,0,1777280166
burst,PPO,PPO,steady-cpu,task-1777280159237732000,completed,att-task-1777280159237732000-1,1,0,,att-task-1777280159237732000-1,1,completed,worker-large,,1777280162,0,1777280165
burst,PPO,PPO,steady-cpu,task-1777280159239301000,completed,att-task-1777280159239301000-1,1,0,,att-task-1777280159239301000-1,1,completed,worker-medium,,1777280162,0,1777280166
burst,PPO,PPO,steady-cpu,task-1777280159240789000,completed,att-task-1777280159240789000-1,1,0,,att-task-1777280159240789000-1,1,completed,worker-large,,1777280162,0,1777280165
burst,PPO,PPO,steady-cpu,task-1777280159242302000,completed,att-task-1777280159242302000-1,1,0,,att-task-1777280159242302000-1,1,completed,worker-large,,1777280167,0,1777280171
burst,PPO,PPO,steady-cpu,task-1777280159243912000,completed,att-task-1777280159243912000-1,1,0,,att-task-1777280159243912000-1,1,completed,worker-medium,,1777280162,0,1777280165
burst,PPO,PPO,steady-cpu,task-1777280159245465000,completed,att-task-1777280159245465000-1,1,0,,att-task-1777280159245465000-1,1,completed,worker-large,,1777280167,0,1777280171
burst,PPO,PPO,bursty,task-1777280174455024000,completed,att-task-1777280174455024000-1,1,0,,att-task-1777280174455024000-1,1,completed,worker-large,,1777280177,0,1777280181
burst,PPO,PPO,bursty,task-1777280174458843000,completed,att-task-1777280174458843000-1,1,0,,att-task-1777280174458843000-1,1,completed,worker-large,,1777280177,0,1777280180
burst,PPO,PPO,bursty,task-1777280174461807000,failed,att-task-1777280174461807000-1,1,0,,att-task-1777280174461807000-1,1,failed,worker-large,container_failed,1777280177,1777280182,1777280184
burst,PPO,PPO,bursty,task-1777280174464534000,completed,att-task-1777280174464534000-1,1,0,,att-task-1777280174464534000-1,1,completed,worker-medium,,1777280177,0,1777280181
burst,PPO,PPO,bursty,task-1777280174467413000,completed,att-task-1777280174467413000-1,1,0,,att-task-1777280174467413000-1,1,completed,worker-small,,1777280177,0,1777280181
burst,PPO,PPO,bursty,task-1777280174470331000,completed,att-task-1777280174470331000-1,1,0,,att-task-1777280174470331000-1,1,completed,worker-large,,1777280182,0,1777280186
burst,PPO,PPO,bursty,task-1777280174472699000,completed,att-task-1777280174472699000-1,1,0,,att-task-1777280174472699000-1,1,completed,worker-large,,1777280177,0,1777280181
burst,PPO,PPO,bursty,task-1777280174474954000,failed,att-task-1777280174474954000-1,1,0,,att-task-1777280174474954000-1,1,failed,worker-large,container_failed,1777280182,1777280187,1777280187
burst,PPO,PPO,bursty,task-1777280174477268000,completed,att-task-1777280174477268000-1,1,0,,att-task-1777280174477268000-1,1,completed,worker-medium,,1777280182,0,1777280186
burst,PPO,PPO,bursty,task-1777280174479579000,completed,att-task-1777280174479579000-1,1,0,,att-task-1777280174479579000-1,1,completed,worker-large,,1777280187,0,1777280191
burst,PPO,PPO,memory-pressure,task-1777280195773959000,failed,att-task-1777280195773959000-1,1,0,,att-task-1777280195773959000-1,1,failed,worker-large,container_failed,1777280197,1777280202,1777280202
burst,PPO,PPO,memory-pressure,task-1777280195776057000,failed,att-task-1777280195776057000-1,1,0,,att-task-1777280195776057000-1,1,failed,worker-large,container_failed,1777280197,0,1777280201
burst,PPO,PPO,memory-pressure,task-1777280195778492000,completed,att-task-1777280195778492000-1,1,0,,att-task-1777280195778492000-1,1,completed,worker-medium,,1777280197,0,1777280201
burst,PPO,PPO,memory-pressure,task-1777280195780185000,failed,att-task-1777280195780185000-1,1,0,,att-task-1777280195780185000-1,1,failed,worker-large,container_failed,1777280202,0,1777280206
burst,PPO,PPO,memory-pressure,task-1777280195782526000,completed,att-task-1777280195782526000-1,1,0,,att-task-1777280195782526000-1,1,completed,worker-medium,,1777280197,0,1777280201
burst,PPO,PPO,memory-pressure,task-1777280195783984000,failed,att-task-1777280195783984000-1,1,0,,att-task-1777280195783984000-1,1,failed,worker-large,container_failed,1777280202,0,1777280206
overload,RR,RR,heterogeneous-smoke,task-1777280210968922000,completed,att-task-1777280210968922000-1,1,0,,att-task-1777280210968922000-1,1,completed,worker-large,,1777280212,1777280222,1777280223
overload,RR,RR,heterogeneous-smoke,task-1777280210973171000,completed,att-task-1777280210973171000-1,1,0,,att-task-1777280210973171000-1,1,completed,worker-medium,,1777280212,0,1777280216
overload,RR,RR,heterogeneous-smoke,task-1777280210976118000,completed,att-task-1777280210976118000-1,1,0,,att-task-1777280210976118000-1,1,completed,worker-small,,1777280212,1777280217,1777280217
overload,RR,RR,heterogeneous-smoke,task-1777280210978698000,completed,att-task-1777280210978698000-1,1,0,,att-task-1777280210978698000-1,1,completed,worker-large,,1777280212,0,1777280216
overload,RR,RR,heterogeneous-smoke,task-1777280210981150000,completed,att-task-1777280210981150000-1,1,0,,att-task-1777280210981150000-1,1,completed,worker-medium,,1777280212,0,1777280216
overload,RR,RR,heterogeneous-smoke,task-1777280210983769000,completed,att-task-1777280210983769000-1,1,0,,att-task-1777280210983769000-1,1,completed,worker-medium,,1777280217,0,1777280221
overload,RR,RR,heterogeneous-smoke,task-1777280210986814000,completed,att-task-1777280210986814000-1,1,0,,att-task-1777280210986814000-1,1,completed,worker-large,,1777280212,0,1777280216
overload,RR,RR,heterogeneous-smoke,task-1777280210989598000,completed,att-task-1777280210989598000-1,1,0,,att-task-1777280210989598000-1,1,completed,worker-large,,1777280217,0,1777280221
overload,RR,RR,heterogeneous-smoke,task-1777280210992058000,completed,att-task-1777280210992058000-1,1,0,,att-task-1777280210992058000-1,1,completed,worker-medium,,1777280212,0,1777280216
overload,RR,RR,heterogeneous-smoke,task-1777280210994510000,completed,att-task-1777280210994510000-1,1,0,,att-task-1777280210994510000-1,1,completed,worker-medium,,1777280222,1777280232,1777280236
overload,RR,RR,heterogeneous-smoke,task-1777280210996905000,completed,att-task-1777280210996905000-1,1,0,,att-task-1777280210996905000-1,1,completed,worker-large,,1777280212,1777280217,1777280217
overload,RR,RR,heterogeneous-smoke,task-1777280210999329000,completed,att-task-1777280210999329000-1,1,0,,att-task-1777280210999329000-1,1,completed,worker-small,,1777280217,0,1777280221
overload,RR,RR,heterogeneous-smoke,task-1777280211002517000,completed,att-task-1777280211002517000-1,1,0,,att-task-1777280211002517000-1,1,completed,worker-large,,1777280217,1777280222,1777280225
overload,RR,RR,heterogeneous-smoke,task-1777280211006319000,completed,att-task-1777280211006319000-1,1,0,,att-task-1777280211006319000-1,1,completed,worker-large,,1777280222,0,1777280226
overload,RR,RR,heterogeneous-smoke,task-1777280211009740000,completed,att-task-1777280211009740000-1,1,0,,att-task-1777280211009740000-1,1,completed,worker-medium,,1777280217,0,1777280221
overload,RR,RR,heterogeneous-smoke,task-1777280211012349000,completed,att-task-1777280211012349000-1,1,0,,att-task-1777280211012349000-1,1,completed,worker-large,,1777280227,0,1777280231
overload,RR,RR,heterogeneous-smoke,task-1777280211014411000,completed,att-task-1777280211014411000-1,1,0,,att-task-1777280211014411000-1,1,completed,worker-small,,1777280222,0,1777280226
overload,RR,RR,heterogeneous-smoke,task-1777280211016733000,completed,att-task-1777280211016733000-1,1,0,,att-task-1777280211016733000-1,1,completed,worker-large,,1777280232,0,1777280236
overload,RR,RR,heterogeneous-smoke,task-1777280211018711000,completed,att-task-1777280211018711000-1,1,0,,att-task-1777280211018711000-1,1,completed,worker-large,,1777280222,0,1777280226
overload,RR,RR,heterogeneous-smoke,task-1777280211020758000,completed,att-task-1777280211020758000-1,1,0,,att-task-1777280211020758000-1,1,completed,worker-large,,1777280237,0,1777280242
overload,RR,RR,heterogeneous-smoke,task-1777280211023275000,completed,att-task-1777280211023275000-1,1,0,,att-task-1777280211023275000-1,1,completed,worker-small,,1777280227,0,1777280231
overload,RR,RR,heterogeneous-smoke,task-1777280211025182000,completed,att-task-1777280211025182000-1,1,0,,att-task-1777280211025182000-1,1,completed,worker-large,,1777280227,1777280232,1777280236
overload,RR,RR,heterogeneous-smoke,task-1777280211027046000,completed,att-task-1777280211027046000-1,1,0,,att-task-1777280211027046000-1,1,completed,worker-small,,1777280232,0,1777280236
overload,RR,RR,heterogeneous-smoke,task-1777280211029310000,completed,att-task-1777280211029310000-1,1,0,,att-task-1777280211029310000-1,1,completed,worker-medium,,1777280237,0,1777280241
overload,RR,RR,heterogeneous-smoke,task-1777280211031269000,completed,att-task-1777280211031269000-1,1,0,,att-task-1777280211031269000-1,1,completed,worker-small,,1777280227,0,1777280231
overload,RR,RR,heterogeneous-smoke,task-1777280211033412000,completed,att-task-1777280211033412000-1,1,0,,att-task-1777280211033412000-1,1,completed,worker-large,,1777280242,0,1777280246
overload,RR,RR,heterogeneous-smoke,task-1777280211035560000,completed,att-task-1777280211035560000-1,1,0,,att-task-1777280211035560000-1,1,completed,worker-small,,1777280237,1777280242,1777280246
overload,RR,RR,heterogeneous-smoke,task-1777280211037710000,completed,att-task-1777280211037710000-1,1,0,,att-task-1777280211037710000-1,1,completed,worker-medium,,1777280242,0,1777280246
overload,RR,RR,heterogeneous-smoke,task-1777280211039982000,completed,att-task-1777280211039982000-1,1,0,,att-task-1777280211039982000-1,1,completed,worker-large,,1777280227,0,1777280231
overload,RR,RR,heterogeneous-smoke,task-1777280211042232000,completed,att-task-1777280211042232000-1,1,0,,att-task-1777280211042232000-1,1,completed,worker-large,,1777280247,0,1777280251
overload,RR,RR,steady-cpu,task-1777280256998278000,completed,att-task-1777280256998278000-1,1,0,,att-task-1777280256998278000-1,1,completed,worker-large,,1777280257,0,1777280261
overload,RR,RR,steady-cpu,task-1777280258008455000,completed,att-task-1777280258008455000-1,1,0,,att-task-1777280258008455000-1,1,completed,worker-medium,,1777280262,1777280297,1777280301
overload,RR,RR,steady-cpu,task-1777280259015521000,completed,att-task-1777280259015521000-1,1,0,,att-task-1777280259015521000-1,1,completed,worker-small,,1777280262,0,1777280266
overload,RR,RR,steady-cpu,task-1777280260023368000,completed,att-task-1777280260023368000-1,1,0,,att-task-1777280260023368000-1,1,completed,worker-large,,1777280262,0,1777280266
overload,RR,RR,steady-cpu,task-1777280261031041000,completed,att-task-1777280261031041000-1,1,0,,att-task-1777280261031041000-1,1,completed,worker-medium,,1777280262,0,1777280266
overload,RR,RR,steady-cpu,task-1777280262035155000,completed,att-task-1777280262035155000-1,1,0,,att-task-1777280262035155000-1,1,completed,worker-large,,1777280262,0,1777280266
overload,RR,RR,steady-cpu,task-1777280263041970000,completed,att-task-1777280263041970000-1,1,0,,att-task-1777280263041970000-1,1,completed,worker-medium,,1777280267,0,1777280271
overload,RR,RR,steady-cpu,task-1777280264050588000,completed,att-task-1777280264050588000-1,1,0,,att-task-1777280264050588000-1,1,completed,worker-large,,1777280267,0,1777280271
overload,RR,RR,steady-cpu,task-1777280264053626000,completed,att-task-1777280264053626000-1,1,0,,att-task-1777280264053626000-1,1,completed,worker-small,,1777280267,0,1777280271
overload,RR,RR,steady-cpu,task-1777280265061019000,completed,att-task-1777280265061019000-1,1,0,,att-task-1777280265061019000-1,1,completed,worker-large,,1777280267,0,1777280271
overload,RR,RR,steady-cpu,task-1777280266069494000,completed,att-task-1777280266069494000-1,1,0,,att-task-1777280266069494000-1,1,completed,worker-small,,1777280267,0,1777280271
overload,RR,RR,steady-cpu,task-1777280267078681000,completed,att-task-1777280267078681000-1,1,0,,att-task-1777280267078681000-1,1,completed,worker-large,,1777280272,0,1777280276
overload,RR,RR,steady-cpu,task-1777280268090115000,completed,att-task-1777280268090115000-1,1,0,,att-task-1777280268090115000-1,1,completed,worker-medium,,1777280272,0,1777280276
overload,RR,RR,steady-cpu,task-1777280269097195000,completed,att-task-1777280269097195000-1,1,0,,att-task-1777280269097195000-1,1,completed,worker-large,,1777280272,0,1777280276
overload,RR,RR,steady-cpu,task-1777280270105850000,completed,att-task-1777280270105850000-1,1,0,,att-task-1777280270105850000-1,1,completed,worker-small,,1777280272,1777280282,1777280286
overload,RR,RR,steady-cpu,task-1777280271111327000,completed,att-task-1777280271111327000-1,1,0,,att-task-1777280271111327000-1,1,completed,worker-large,,1777280277,0,1777280281
overload,RR,RR,steady-cpu,task-1777280271113876000,completed,att-task-1777280271113876000-1,1,0,,att-task-1777280271113876000-1,1,completed,worker-small,,1777280272,1777280277,1777280278
overload,RR,RR,steady-cpu,task-1777280272121842000,completed,att-task-1777280272121842000-1,1,0,,att-task-1777280272121842000-1,1,completed,worker-large,,1777280277,0,1777280281
overload,RR,RR,steady-cpu,task-1777280273141892000,completed,att-task-1777280273141892000-1,1,0,,att-task-1777280273141892000-1,1,completed,worker-medium,,1777280277,0,1777280281
overload,RR,RR,steady-cpu,task-1777280274151851000,completed,att-task-1777280274151851000-1,1,0,,att-task-1777280274151851000-1,1,completed,worker-large,,1777280282,0,1777280286
overload,RR,RR,steady-cpu,task-1777280275158522000,completed,att-task-1777280275158522000-1,1,0,,att-task-1777280275158522000-1,1,completed,worker-medium,,1777280282,0,1777280286
overload,RR,RR,steady-cpu,task-1777280276163815000,completed,att-task-1777280276163815000-1,1,0,,att-task-1777280276163815000-1,1,completed,worker-large,,1777280282,0,1777280286
overload,RR,RR,steady-cpu,task-1777280277171061000,completed,att-task-1777280277171061000-1,1,0,,att-task-1777280277171061000-1,1,completed,worker-small,,1777280282,0,1777280286
overload,RR,RR,steady-cpu,task-1777280278179448000,completed,att-task-1777280278179448000-1,1,0,,att-task-1777280278179448000-1,1,completed,worker-large,,1777280287,1777280297,1777280297
overload,RR,RR,bursty,task-1777280305556787000,completed,att-task-1777280305556787000-1,1,0,,att-task-1777280305556787000-1,1,completed,worker-large,,1777280307,0,1777280311
overload,RR,RR,bursty,task-1777280305560836000,completed,att-task-1777280305560836000-1,1,0,,att-task-1777280305560836000-1,1,completed,worker-medium,,1777280307,0,1777280311
overload,RR,RR,bursty,task-1777280305564179000,failed,att-task-1777280305564179000-1,1,0,,att-task-1777280305564179000-1,1,failed,worker-small,container_failed,1777280307,1777280312,1777280315
overload,RR,RR,bursty,task-1777280305567067000,completed,att-task-1777280305567067000-1,1,0,,att-task-1777280305567067000-1,1,completed,worker-large,,1777280307,0,1777280311
overload,RR,RR,bursty,task-1777280309575041000,completed,att-task-1777280309575041000-1,1,0,,att-task-1777280309575041000-1,1,completed,worker-medium,,1777280312,0,1777280315
overload,RR,RR,bursty,task-1777280309577516000,completed,att-task-1777280309577516000-1,1,0,,att-task-1777280309577516000-1,1,completed,worker-large,,1777280312,1777280317,1777280318
overload,RR,RR,bursty,task-1777280309579324000,completed,att-task-1777280309579324000-1,1,0,,att-task-1777280309579324000-1,1,completed,worker-medium,,1777280312,0,1777280316
overload,RR,RR,bursty,task-1777280313583527000,failed,att-task-1777280313583527000-1,1,0,,att-task-1777280313583527000-1,1,failed,worker-large,container_failed,1777280317,1777280327,1777280330
overload,RR,RR,bursty,task-1777280313591605000,completed,att-task-1777280313591605000-1,1,0,,att-task-1777280313591605000-1,1,completed,worker-medium,,1777280317,0,1777280321
overload,RR,RR,bursty,task-1777280313594367000,completed,att-task-1777280313594367000-1,1,0,,att-task-1777280313594367000-1,1,completed,worker-large,,1777280322,0,1777280326
overload,RR,RR,bursty,task-1777280313597559000,completed,att-task-1777280313597559000-1,1,0,,att-task-1777280313597559000-1,1,completed,worker-small,,1777280317,1777280322,1777280324
overload,RR,RR,bursty,task-1777280313600349000,completed,att-task-1777280313600349000-1,1,0,,att-task-1777280313600349000-1,1,completed,worker-large,,1777280317,1777280322,1777280322
overload,RR,RR,bursty,task-1777280313603368000,failed,att-task-1777280313603368000-1,1,0,,att-task-1777280313603368000-1,1,failed,worker-medium,container_failed,1777280317,0,1777280320
overload,RR,RR,bursty,task-1777280313606243000,completed,att-task-1777280313606243000-1,1,0,,att-task-1777280313606243000-1,1,completed,worker-medium,,1777280322,0,1777280326
overload,RR,RR,bursty,task-1777280317615308000,completed,att-task-1777280317615308000-1,1,0,,att-task-1777280317615308000-1,1,completed,worker-small,,1777280327,0,1777280331
overload,RR,RR,bursty,task-1777280317621457000,completed,att-task-1777280317621457000-1,1,0,,att-task-1777280317621457000-1,1,completed,worker-large,,1777280327,0,1777280331
overload,RR,RR,bursty,task-1777280317624791000,completed,att-task-1777280317624791000-1,1,0,,att-task-1777280317624791000-1,1,completed,worker-small,,1777280317,0,1777280321
overload,RR,RR,bursty,task-1777280321630828000,failed,att-task-1777280321630828000-1,1,0,,att-task-1777280321630828000-1,1,failed,worker-large,container_failed,1777280322,0,1777280326
overload,RR,RR,bursty,task-1777280321633947000,completed,att-task-1777280321633947000-1,1,0,,att-task-1777280321633947000-1,1,completed,worker-medium,,1777280327,0,1777280331
overload,RR,RR,bursty,task-1777280321636199000,completed,att-task-1777280321636199000-1,1,0,,att-task-1777280321636199000-1,1,completed,worker-large,,1777280332,0,1777280336
overload,RR,RR,bursty,task-1777280321638492000,completed,att-task-1777280321638492000-1,1,0,,att-task-1777280321638492000-1,1,completed,worker-medium,,1777280322,0,1777280326
overload,RR,RR,bursty,task-1777280321640882000,completed,att-task-1777280321640882000-1,1,0,,att-task-1777280321640882000-1,1,completed,worker-large,,1777280327,0,1777280331
overload,RR,RR,bursty,task-1777280321642926000,failed,att-task-1777280321642926000-1,1,0,,att-task-1777280321642926000-1,1,failed,worker-medium,container_failed,1777280327,0,1777280331
overload,RR,RR,bursty,task-1777280321645090000,completed,att-task-1777280321645090000-1,1,0,,att-task-1777280321645090000-1,1,completed,worker-medium,,1777280332,0,1777280336
overload,RR,RR,bursty,task-1777280325653586000,completed,att-task-1777280325653586000-1,1,0,,att-task-1777280325653586000-1,1,completed,worker-small,,1777280332,0,1777280336
overload,RR,RR,bursty,task-1777280325657657000,completed,att-task-1777280325657657000-1,1,0,,att-task-1777280325657657000-1,1,completed,worker-large,,1777280332,0,1777280336
overload,RR,RR,bursty,task-1777280325661462000,completed,att-task-1777280325661462000-1,1,0,,att-task-1777280325661462000-1,1,completed,worker-medium,,1777280332,0,1777280336
overload,RR,RR,bursty,task-1777280329668760000,failed,att-task-1777280329668760000-1,1,0,,att-task-1777280329668760000-1,1,failed,worker-large,container_failed,1777280337,0,1777280340
overload,RR,RR,bursty,task-1777280329675188000,completed,att-task-1777280329675188000-1,1,0,,att-task-1777280329675188000-1,1,completed,worker-medium,,1777280337,0,1777280341
overload,RR,RR,bursty,task-1777280329680319000,completed,att-task-1777280329680319000-1,1,0,,att-task-1777280329680319000-1,1,completed,worker-large,,1777280337,0,1777280341
overload,RR,RR,memory-pressure,task-1777280345068823000,failed,att-task-1777280345068823000-1,1,0,,att-task-1777280345068823000-1,1,failed,worker-large,container_failed,1777280347,0,1777280351
overload,RR,RR,memory-pressure,task-1777280345573617000,failed,att-task-1777280345573617000-1,1,0,,att-task-1777280345573617000-1,1,failed,worker-medium,container_failed,1777280347,0,1777280351
overload,RR,RR,memory-pressure,task-1777280346085253000,completed,att-task-1777280346085253000-1,1,0,,att-task-1777280346085253000-1,1,completed,worker-small,,1777280347,0,1777280351
overload,RR,RR,memory-pressure,task-1777280346594987000,failed,att-task-1777280346594987000-1,1,0,,att-task-1777280346594987000-1,1,failed,worker-large,container_failed,1777280347,1777280362,1777280363
overload,RR,RR,memory-pressure,task-1777280347105948000,completed,att-task-1777280347105948000-1,1,0,,att-task-1777280347105948000-1,1,completed,worker-medium,,1777280352,0,1777280356
overload,RR,RR,memory-pressure,task-1777280347617335000,failed,att-task-1777280347617335000-1,1,0,,att-task-1777280347617335000-1,1,failed,worker-large,container_failed,1777280352,1777280412,1777280414
overload,RR,RR,memory-pressure,task-1777280347620572000,failed,att-task-1777280347620572000-1,1,0,,att-task-1777280347620572000-1,1,failed,worker-medium,container_failed,1777280357,0,1777280360
overload,RR,RR,memory-pressure,task-1777280348128481000,failed,att-task-1777280348128481000-1,1,0,,att-task-1777280348128481000-1,1,failed,worker-medium,container_failed,1777280362,1777280367,1777280368
overload,RR,RR,memory-pressure,task-1777280348632644000,completed,att-task-1777280348632644000-1,1,0,,att-task-1777280348632644000-1,1,completed,worker-medium,,1777280352,1777280357,1777280357
overload,RR,RR,memory-pressure,task-1777280349142752000,failed,att-task-1777280349142752000-1,1,0,,att-task-1777280349142752000-1,1,failed,worker-large,container_failed,1777280367,0,1777280370
overload,RR,RR,memory-pressure,task-1777280349648367000,completed,att-task-1777280349648367000-1,1,0,,att-task-1777280349648367000-1,1,completed,worker-small,,1777280352,0,1777280356
overload,RR,RR,memory-pressure,task-1777280350156671000,failed,att-task-1777280350156671000-1,1,0,,att-task-1777280350156671000-1,1,failed,worker-medium,container_failed,1777280372,1777280417,1777280419
overload,RR,RR,memory-pressure,task-1777280350159987000,failed,att-task-1777280350159987000-1,1,0,,att-task-1777280350159987000-1,1,failed,worker-large,container_failed,1777280372,0,1777280375
overload,RR,RR,memory-pressure,task-1777280350668740000,failed,att-task-1777280350668740000-1,1,0,,att-task-1777280350668740000-1,1,failed,worker-large,container_failed,1777280377,0,1777280381
overload,RR,RR,memory-pressure,task-1777280351179813000,completed,att-task-1777280351179813000-1,1,0,,att-task-1777280351179813000-1,1,completed,worker-small,,1777280357,0,1777280361
overload,RR,RR,memory-pressure,task-1777280351689455000,failed,att-task-1777280351689455000-1,1,0,,att-task-1777280351689455000-1,1,failed,worker-large,container_failed,1777280382,0,1777280386
overload,RR,RR,memory-pressure,task-1777280352199946000,completed,att-task-1777280352199946000-1,1,0,,att-task-1777280352199946000-1,1,completed,worker-small,,1777280362,0,1777280366
overload,RR,RR,memory-pressure,task-1777280352705202000,failed,att-task-1777280352705202000-1,1,0,,att-task-1777280352705202000-1,1,failed,worker-large,container_failed,1777280387,0,1777280390
overload,RTS,RTS,heterogeneous-smoke,task-1777280422469011000,completed,att-task-1777280422469011000-1,1,0,,att-task-1777280422469011000-1,1,completed,worker-large,,1777280422,0,1777280426
overload,RTS,RTS,heterogeneous-smoke,task-1777280422471933000,completed,att-task-1777280422471933000-1,1,0,,att-task-1777280422471933000-1,1,completed,worker-large,,1777280422,0,1777280426
overload,RTS,RTS,heterogeneous-smoke,task-1777280422474266000,completed,att-task-1777280422474266000-1,1,0,,att-task-1777280422474266000-1,1,completed,worker-large,,1777280422,0,1777280426
overload,RTS,RTS,heterogeneous-smoke,task-1777280422476451000,completed,att-task-1777280422476451000-1,1,0,,att-task-1777280422476451000-1,1,completed,worker-medium,,1777280422,0,1777280426
overload,RTS,RTS,heterogeneous-smoke,task-1777280422478761000,completed,att-task-1777280422478761000-1,1,0,,att-task-1777280422478761000-1,1,completed,worker-large,,1777280422,0,1777280426
overload,RTS,RTS,heterogeneous-smoke,task-1777280422481112000,completed,att-task-1777280422481112000-1,1,0,,att-task-1777280422481112000-1,1,completed,worker-large,,1777280427,0,1777280431
overload,RTS,RTS,heterogeneous-smoke,task-1777280422483293000,completed,att-task-1777280422483293000-1,1,0,,att-task-1777280422483293000-1,1,completed,worker-small,,1777280422,0,1777280426
overload,RTS,RTS,heterogeneous-smoke,task-1777280422485380000,completed,att-task-1777280422485380000-1,1,0,,att-task-1777280422485380000-1,1,completed,worker-medium,,1777280427,0,1777280431
overload,RTS,RTS,heterogeneous-smoke,task-1777280422487475000,completed,att-task-1777280422487475000-1,1,0,,att-task-1777280422487475000-1,1,completed,worker-medium,,1777280422,1777280427,1777280427
overload,RTS,RTS,heterogeneous-smoke,task-1777280422490350000,completed,att-task-1777280422490350000-1,1,0,,att-task-1777280422490350000-1,1,completed,worker-large,,1777280432,1777280457,1777280460
overload,RTS,RTS,heterogeneous-smoke,task-1777280422492503000,completed,att-task-1777280422492503000-1,1,0,,att-task-1777280422492503000-1,1,completed,worker-large,,1777280427,0,1777280431
overload,RTS,RTS,heterogeneous-smoke,task-1777280422494766000,completed,att-task-1777280422494766000-1,1,0,,att-task-1777280422494766000-1,1,completed,worker-small,,1777280427,1777280432,1777280432
overload,RTS,RTS,heterogeneous-smoke,task-1777280422496811000,completed,att-task-1777280422496811000-1,1,0,,att-task-1777280422496811000-1,1,completed,worker-medium,,1777280432,0,1777280436
overload,RTS,RTS,heterogeneous-smoke,task-1777280422498896000,completed,att-task-1777280422498896000-1,1,0,,att-task-1777280422498896000-1,1,completed,worker-medium,,1777280432,0,1777280436
overload,RTS,RTS,heterogeneous-smoke,task-1777280422501016000,completed,att-task-1777280422501016000-1,1,0,,att-task-1777280422501016000-1,1,completed,worker-large,,1777280422,1777280432,1777280435
overload,RTS,RTS,heterogeneous-smoke,task-1777280422503064000,completed,att-task-1777280422503064000-1,1,0,,att-task-1777280422503064000-1,1,completed,worker-medium,,1777280437,1777280447,1777280447
overload,RTS,RTS,heterogeneous-smoke,task-1777280422505104000,completed,att-task-1777280422505104000-1,1,0,,att-task-1777280422505104000-1,1,completed,worker-small,,1777280432,0,1777280436
overload,RTS,RTS,heterogeneous-smoke,task-1777280422507373000,completed,att-task-1777280422507373000-1,1,0,,att-task-1777280422507373000-1,1,completed,worker-medium,,1777280452,0,1777280456
overload,RTS,RTS,heterogeneous-smoke,task-1777280422509705000,completed,att-task-1777280422509705000-1,1,0,,att-task-1777280422509705000-1,1,completed,worker-large,,1777280427,0,1777280431
overload,RTS,RTS,heterogeneous-smoke,task-1777280422512039000,completed,att-task-1777280422512039000-1,1,0,,att-task-1777280422512039000-1,1,completed,worker-medium,,1777280457,0,1777280461
overload,RTS,RTS,heterogeneous-smoke,task-1777280422514420000,completed,att-task-1777280422514420000-1,1,0,,att-task-1777280422514420000-1,1,completed,worker-large,,1777280432,1777280492,1777280492
overload,RTS,RTS,heterogeneous-smoke,task-1777280422516836000,completed,att-task-1777280422516836000-1,1,0,,att-task-1777280422516836000-1,1,completed,worker-small,,1777280437,0,1777280441
overload,RTS,RTS,heterogeneous-smoke,task-1777280422519396000,completed,att-task-1777280422519396000-1,1,0,,att-task-1777280422519396000-1,1,completed,worker-small,,1777280442,0,1777280446
overload,RTS,RTS,heterogeneous-smoke,task-1777280422521981000,completed,att-task-1777280422521981000-1,1,0,,att-task-1777280422521981000-1,1,completed,worker-large,,1777280462,0,1777280466
overload,RTS,RTS,heterogeneous-smoke,task-1777280422524340000,completed,att-task-1777280422524340000-1,1,0,,att-task-1777280422524340000-1,1,completed,worker-large,,1777280437,0,1777280441
overload,RTS,RTS,heterogeneous-smoke,task-1777280422527396000,completed,att-task-1777280422527396000-1,1,0,,att-task-1777280422527396000-1,1,completed,worker-medium,,1777280462,1777280482,1777280482
overload,RTS,RTS,heterogeneous-smoke,task-1777280422530054000,completed,att-task-1777280422530054000-1,1,0,,att-task-1777280422530054000-1,1,completed,worker-small,,1777280447,0,1777280451
overload,RTS,RTS,heterogeneous-smoke,task-1777280422532591000,completed,att-task-1777280422532591000-1,1,0,,att-task-1777280422532591000-1,1,completed,worker-large,,1777280467,0,1777280471
overload,RTS,RTS,heterogeneous-smoke,task-1777280422535810000,completed,att-task-1777280422535810000-1,1,0,,att-task-1777280422535810000-1,1,completed,worker-medium,,1777280437,0,1777280441
overload,RTS,RTS,heterogeneous-smoke,task-1777280422538028000,completed,att-task-1777280422538028000-1,1,0,,att-task-1777280422538028000-1,1,completed,worker-large,,1777280472,0,1777280476
overload,RTS,RTS,steady-cpu,task-1777280495705779000,completed,att-task-1777280495705779000-1,1,0,,att-task-1777280495705779000-1,1,completed,worker-small,,1777280497,0,1777280501
overload,RTS,RTS,steady-cpu,task-1777280496714728000,completed,att-task-1777280496714728000-1,1,0,,att-task-1777280496714728000-1,1,completed,worker-medium,,1777280497,0,1777280501
overload,RTS,RTS,steady-cpu,task-1777280497727705000,completed,att-task-1777280497727705000-1,1,0,,att-task-1777280497727705000-1,1,completed,worker-small,,1777280497,0,1777280501
overload,RTS,RTS,steady-cpu,task-1777280498735951000,completed,att-task-1777280498735951000-1,1,0,,att-task-1777280498735951000-1,1,completed,worker-large,,1777280502,0,1777280506
overload,RTS,RTS,steady-cpu,task-1777280499745352000,completed,att-task-1777280499745352000-1,1,0,,att-task-1777280499745352000-1,1,completed,worker-large,,1777280502,1777280507,1777280507
overload,RTS,RTS,steady-cpu,task-1777280500754797000,completed,att-task-1777280500754797000-1,1,0,,att-task-1777280500754797000-1,1,completed,worker-medium,,1777280502,1777280507,1777280509
overload,RTS,RTS,steady-cpu,task-1777280501761697000,completed,att-task-1777280501761697000-1,1,0,,att-task-1777280501761697000-1,1,completed,worker-large,,1777280502,0,1777280506
overload,RTS,RTS,steady-cpu,task-1777280502768894000,completed,att-task-1777280502768894000-1,1,0,,att-task-1777280502768894000-1,1,completed,worker-large,,1777280507,0,1777280511
overload,RTS,RTS,steady-cpu,task-1777280502775114000,completed,att-task-1777280502775114000-1,1,0,,att-task-1777280502775114000-1,1,completed,worker-large,,1777280507,0,1777280510
overload,RTS,RTS,steady-cpu,task-1777280503782541000,completed,att-task-1777280503782541000-1,1,0,,att-task-1777280503782541000-1,1,completed,worker-large,,1777280512,0,1777280516
overload,RTS,RTS,steady-cpu,task-1777280504789630000,completed,att-task-1777280504789630000-1,1,0,,att-task-1777280504789630000-1,1,completed,worker-large,,1777280507,0,1777280511
overload,RTS,RTS,steady-cpu,task-1777280505797932000,completed,att-task-1777280505797932000-1,1,0,,att-task-1777280505797932000-1,1,completed,worker-large,,1777280512,1777280517,1777280517
overload,RTS,RTS,steady-cpu,task-1777280506807120000,completed,att-task-1777280506807120000-1,1,0,,att-task-1777280506807120000-1,1,completed,worker-large,,1777280507,0,1777280511
overload,RTS,RTS,steady-cpu,task-1777280507814368000,completed,att-task-1777280507814368000-1,1,0,,att-task-1777280507814368000-1,1,completed,worker-medium,,1777280512,0,1777280516
overload,RTS,RTS,steady-cpu,task-1777280508822828000,completed,att-task-1777280508822828000-1,1,0,,att-task-1777280508822828000-1,1,completed,worker-medium,,1777280512,0,1777280516
overload,RTS,RTS,steady-cpu,task-1777280509832198000,completed,att-task-1777280509832198000-1,1,0,,att-task-1777280509832198000-1,1,completed,worker-large,,1777280517,0,1777280521
overload,RTS,RTS,steady-cpu,task-1777280509835752000,completed,att-task-1777280509835752000-1,1,0,,att-task-1777280509835752000-1,1,completed,worker-small,,1777280512,0,1777280516
overload,RTS,RTS,steady-cpu,task-1777280510839879000,completed,att-task-1777280510839879000-1,1,0,,att-task-1777280510839879000-1,1,completed,worker-large,,1777280517,0,1777280521
overload,RTS,RTS,steady-cpu,task-1777280511846459000,completed,att-task-1777280511846459000-1,1,0,,att-task-1777280511846459000-1,1,completed,worker-small,,1777280512,0,1777280516
overload,RTS,RTS,steady-cpu,task-1777280512857752000,completed,att-task-1777280512857752000-1,1,0,,att-task-1777280512857752000-1,1,completed,worker-medium,,1777280517,0,1777280521
overload,RTS,RTS,steady-cpu,task-1777280513866744000,completed,att-task-1777280513866744000-1,1,0,,att-task-1777280513866744000-1,1,completed,worker-small,,1777280517,1777280577,1777280579
overload,RTS,RTS,steady-cpu,task-1777280514873551000,completed,att-task-1777280514873551000-1,1,0,,att-task-1777280514873551000-1,1,completed,worker-large,,1777280522,0,1777280526
overload,RTS,RTS,steady-cpu,task-1777280515882274000,completed,att-task-1777280515882274000-1,1,0,,att-task-1777280515882274000-1,1,completed,worker-medium,,1777280517,1777280532,1777280535
overload,RTS,RTS,steady-cpu,task-1777280516888836000,completed,att-task-1777280516888836000-1,1,0,,att-task-1777280516888836000-1,1,completed,worker-large,,1777280522,0,1777280526
overload,RTS,RTS,bursty,task-1777280583381474000,completed,att-task-1777280583381474000-1,1,0,,att-task-1777280583381474000-1,1,completed,worker-large,,1777280587,0,1777280591
overload,RTS,RTS,bursty,task-1777280583385306000,completed,att-task-1777280583385306000-1,1,0,,att-task-1777280583385306000-1,1,completed,worker-small,,1777280587,1777280597,1777280600
overload,RTS,RTS,bursty,task-1777280583392869000,failed,att-task-1777280583392869000-1,1,0,,att-task-1777280583392869000-1,1,failed,worker-medium,container_failed,1777280587,0,1777280591
overload,RTS,RTS,bursty,task-1777280583396267000,completed,att-task-1777280583396267000-1,1,0,,att-task-1777280583396267000-1,1,completed,worker-large,,1777280587,1777280597,1777280597
overload,RTS,RTS,bursty,task-1777280587404003000,completed,att-task-1777280587404003000-1,1,0,,att-task-1777280587404003000-1,1,completed,worker-medium,,1777280587,0,1777280591
overload,RTS,RTS,bursty,task-1777280587409552000,completed,att-task-1777280587409552000-1,1,0,,att-task-1777280587409552000-1,1,completed,worker-medium,,1777280592,1777280632,1777280636
overload,RTS,RTS,bursty,task-1777280587413077000,completed,att-task-1777280587413077000-1,1,0,,att-task-1777280587413077000-1,1,completed,worker-large,,1777280587,1777280597,1777280599
overload,RTS,RTS,bursty,task-1777280591419700000,failed,att-task-1777280591419700000-1,1,0,,att-task-1777280591419700000-1,1,failed,worker-large,container_failed,1777280592,0,1777280595
overload,RTS,RTS,bursty,task-1777280591423021000,completed,att-task-1777280591423021000-1,1,0,,att-task-1777280591423021000-1,1,completed,worker-large,,1777280597,0,1777280601
overload,RTS,RTS,bursty,task-1777280591426407000,completed,att-task-1777280591426407000-1,1,0,,att-task-1777280591426407000-1,1,completed,worker-large,,1777280597,1777280607,1777280608
overload,RTS,RTS,bursty,task-1777280591428203000,completed,att-task-1777280591428203000-1,1,0,,att-task-1777280591428203000-1,1,completed,worker-medium,,1777280592,1777280597,1777280597
overload,RTS,RTS,bursty,task-1777280591429993000,completed,att-task-1777280591429993000-1,1,0,,att-task-1777280591429993000-1,1,completed,worker-large,,1777280602,0,1777280605
overload,RTS,RTS,bursty,task-1777280591431737000,failed,att-task-1777280591431737000-1,1,0,,att-task-1777280591431737000-1,1,failed,worker-medium,container_failed,1777280597,1777280602,1777280602
overload,RTS,RTS,bursty,task-1777280591433229000,completed,att-task-1777280591433229000-1,1,0,,att-task-1777280591433229000-1,1,completed,worker-large,,1777280607,0,1777280611
overload,RTS,RTS,bursty,task-1777280595437415000,completed,att-task-1777280595437415000-1,1,0,,att-task-1777280595437415000-1,1,completed,worker-small,,1777280602,1777280647,1777280647
overload,RTS,RTS,bursty,task-1777280595444116000,completed,att-task-1777280595444116000-1,1,0,,att-task-1777280595444116000-1,1,completed,worker-large,,1777280612,1777280672,1777280675
overload,RTS,RTS,bursty,task-1777280595447449000,completed,att-task-1777280595447449000-1,1,0,,att-task-1777280595447449000-1,1,completed,worker-large,,1777280602,0,1777280606
overload,RTS,RTS,bursty,task-1777280599454876000,failed,att-task-1777280599454876000-1,1,0,,att-task-1777280599454876000-1,1,failed,worker-medium,container_failed,1777280607,1777280627,1777280627
overload,RTS,RTS,bursty,task-1777280599458665000,completed,att-task-1777280599458665000-1,1,0,,att-task-1777280599458665000-1,1,completed,worker-large,,1777280612,1777280617,1777280617
overload,RTS,RTS,bursty,task-1777280599462127000,completed,att-task-1777280599462127000-1,1,0,,att-task-1777280599462127000-1,1,completed,worker-medium,,1777280637,1777280667,1777280670
overload,RTS,RTS,bursty,task-1777280599464692000,completed,att-task-1777280599464692000-1,1,0,,att-task-1777280599464692000-1,1,completed,worker-large,,1777280612,1777280627,1777280629
overload,RTS,RTS,bursty,task-1777280599467631000,completed,att-task-1777280599467631000-1,1,0,,att-task-1777280599467631000-1,1,completed,worker-large,,1777280617,0,1777280620
overload,RTS,RTS,bursty,task-1777280599470587000,failed,att-task-1777280599470587000-1,1,0,,att-task-1777280599470587000-1,1,failed,worker-large,container_failed,1777280622,1777280682,1777280684
overload,RTS,RTS,bursty,task-1777280599472153000,completed,att-task-1777280599472153000-1,1,0,,att-task-1777280599472153000-1,1,completed,worker-medium,,1777280672,0,1777280676
overload,RTS,RTS,bursty,task-1777280603478272000,completed,att-task-1777280603478272000-1,1,0,,att-task-1777280603478272000-1,1,completed,worker-small,,1777280647,0,1777280651
overload,RTS,RTS,bursty,task-1777280603484957000,completed,att-task-1777280603484957000-1,1,0,,att-task-1777280603484957000-1,1,completed,worker-medium,,1777280677,0,1777280681
overload,RTS,RTS,bursty,task-1777280603488962000,completed,att-task-1777280603488962000-1,1,0,,att-task-1777280603488962000-1,1,completed,worker-large,,1777280622,1777280682,1777280685
overload,RTS,RTS,bursty,task-1777280607498163000,failed,att-task-1777280607498163000-1,1,0,,att-task-1777280607498163000-1,1,failed,worker-medium,container_failed,1777280627,0,1777280630
overload,RTS,RTS,bursty,task-1777280607504358000,completed,att-task-1777280607504358000-1,1,0,,att-task-1777280607504358000-1,1,completed,worker-small,,1777280652,0,1777280656
overload,RTS,RTS,bursty,task-1777280607509084000,completed,att-task-1777280607509084000-1,1,0,,att-task-1777280607509084000-1,1,completed,worker-large,,1777280677,0,1777280681
overload,RTS,RTS,memory-pressure,task-1777280689844395000,failed,att-task-1777280689844395000-1,1,0,,att-task-1777280689844395000-1,1,failed,worker-medium,container_failed,1777280692,1777280727,1777280727
overload,RTS,RTS,memory-pressure,task-1777280690349415000,failed,att-task-1777280690349415000-1,1,0,,att-task-1777280690349415000-1,1,failed,worker-large,container_failed,1777280692,0,1777280695
overload,RTS,RTS,memory-pressure,task-1777280690857191000,completed,att-task-1777280690857191000-1,1,0,,att-task-1777280690857191000-1,1,completed,worker-small,,1777280692,1777280702,1777280706
overload,RTS,RTS,memory-pressure,task-1777280691363953000,failed,att-task-1777280691363953000-1,1,0,,att-task-1777280691363953000-1,1,failed,worker-large,container_failed,1777280692,0,1777280696
overload,RTS,RTS,memory-pressure,task-1777280691871148000,completed,att-task-1777280691871148000-1,1,0,,att-task-1777280691871148000-1,1,completed,worker-large,,1777280697,0,1777280701
overload,RTS,RTS,memory-pressure,task-1777280692381041000,failed,att-task-1777280692381041000-1,1,0,,att-task-1777280692381041000-1,1,failed,worker-large,container_failed,1777280697,0,1777280700
overload,RTS,RTS,memory-pressure,task-1777280692386053000,failed,att-task-1777280692386053000-1,1,0,,att-task-1777280692386053000-1,1,failed,worker-large,container_failed,1777280702,0,1777280705
overload,RTS,RTS,memory-pressure,task-1777280692895966000,failed,att-task-1777280692895966000-1,1,0,,att-task-1777280692895966000-1,1,failed,worker-large,container_failed,1777280702,0,1777280705
overload,RTS,RTS,memory-pressure,task-1777280693402802000,completed,att-task-1777280693402802000-1,1,0,,att-task-1777280693402802000-1,1,completed,worker-large,,1777280707,0,1777280711
overload,RTS,RTS,memory-pressure,task-1777280693913133000,failed,att-task-1777280693913133000-1,1,0,,att-task-1777280693913133000-1,1,failed,worker-large,container_failed,1777280707,1777280712,1777280712
overload,RTS,RTS,memory-pressure,task-1777280694420852000,completed,att-task-1777280694420852000-1,1,0,,att-task-1777280694420852000-1,1,completed,worker-small,,1777280707,0,1777280711
overload,RTS,RTS,memory-pressure,task-1777280694932308000,failed,att-task-1777280694932308000-1,1,0,,att-task-1777280694932308000-1,1,failed,worker-large,container_failed,1777280712,0,1777280715
overload,RTS,RTS,memory-pressure,task-1777280694940685000,failed,att-task-1777280694940685000-1,1,0,,att-task-1777280694940685000-1,1,failed,worker-large,container_failed,1777280717,0,1777280720
overload,RTS,RTS,memory-pressure,task-1777280695446076000,failed,att-task-1777280695446076000-1,1,0,,att-task-1777280695446076000-1,1,failed,worker-large,container_failed,1777280717,0,1777280720
overload,RTS,RTS,memory-pressure,task-1777280695955515000,completed,att-task-1777280695955515000-1,1,0,,att-task-1777280695955515000-1,1,completed,worker-small,,1777280712,0,1777280716
overload,RTS,RTS,memory-pressure,task-1777280696464026000,failed,att-task-1777280696464026000-1,1,0,,att-task-1777280696464026000-1,1,failed,worker-large,container_failed,1777280722,0,1777280725
overload,RTS,RTS,memory-pressure,task-1777280696974317000,completed,att-task-1777280696974317000-1,1,0,,att-task-1777280696974317000-1,1,completed,worker-small,,1777280717,0,1777280721
overload,RTS,RTS,memory-pressure,task-1777280697484548000,failed,att-task-1777280697484548000-1,1,0,,att-task-1777280697484548000-1,1,failed,worker-large,container_failed,1777280722,1777280727,1777280728
overload,PPO,PPO,heterogeneous-smoke,task-1777280734073759000,completed,att-task-1777280734073759000-1,1,0,,att-task-1777280734073759000-1,1,completed,worker-large,,1777280737,0,1777280741
overload,PPO,PPO,heterogeneous-smoke,task-1777280734076338000,completed,att-task-1777280734076338000-1,1,0,,att-task-1777280734076338000-1,1,completed,worker-large,,1777280737,0,1777280741
overload,PPO,PPO,heterogeneous-smoke,task-1777280734078322000,completed,att-task-1777280734078322000-1,1,0,,att-task-1777280734078322000-1,1,completed,worker-large,,1777280737,0,1777280741
overload,PPO,PPO,heterogeneous-smoke,task-1777280734080298000,completed,att-task-1777280734080298000-1,1,0,,att-task-1777280734080298000-1,1,completed,worker-medium,,1777280737,0,1777280741
overload,PPO,PPO,heterogeneous-smoke,task-1777280734082467000,completed,att-task-1777280734082467000-1,1,0,,att-task-1777280734082467000-1,1,completed,worker-large,,1777280737,0,1777280741
overload,PPO,PPO,heterogeneous-smoke,task-1777280734085195000,completed,att-task-1777280734085195000-1,1,0,,att-task-1777280734085195000-1,1,completed,worker-large,,1777280742,0,1777280746
overload,PPO,PPO,heterogeneous-smoke,task-1777280734087269000,completed,att-task-1777280734087269000-1,1,0,,att-task-1777280734087269000-1,1,completed,worker-medium,,1777280737,1777280742,1777280743
overload,PPO,PPO,heterogeneous-smoke,task-1777280734089306000,completed,att-task-1777280734089306000-1,1,0,,att-task-1777280734089306000-1,1,completed,worker-large,,1777280747,0,1777280751
overload,PPO,PPO,heterogeneous-smoke,task-1777280734091216000,completed,att-task-1777280734091216000-1,1,0,,att-task-1777280734091216000-1,1,completed,worker-small,,1777280737,0,1777280741
overload,PPO,PPO,heterogeneous-smoke,task-1777280734094170000,completed,att-task-1777280734094170000-1,1,0,,att-task-1777280734094170000-1,1,completed,worker-medium,,1777280747,1777280752,1777280752
overload,PPO,PPO,heterogeneous-smoke,task-1777280734097366000,completed,att-task-1777280734097366000-1,1,0,,att-task-1777280734097366000-1,1,completed,worker-small,,1777280737,0,1777280741
overload,PPO,PPO,heterogeneous-smoke,task-1777280734100741000,completed,att-task-1777280734100741000-1,1,0,,att-task-1777280734100741000-1,1,completed,worker-medium,,1777280742,0,1777280746
overload,PPO,PPO,heterogeneous-smoke,task-1777280734103742000,completed,att-task-1777280734103742000-1,1,0,,att-task-1777280734103742000-1,1,completed,worker-large,,1777280742,0,1777280746
overload,PPO,PPO,heterogeneous-smoke,task-1777280734106557000,completed,att-task-1777280734106557000-1,1,0,,att-task-1777280734106557000-1,1,completed,worker-large,,1777280747,0,1777280751
overload,PPO,PPO,heterogeneous-smoke,task-1777280734109746000,completed,att-task-1777280734109746000-1,1,0,,att-task-1777280734109746000-1,1,completed,worker-large,,1777280737,0,1777280741
overload,PPO,PPO,heterogeneous-smoke,task-1777280734112804000,completed,att-task-1777280734112804000-1,1,0,,att-task-1777280734112804000-1,1,completed,worker-large,,1777280752,0,1777280756
overload,PPO,PPO,heterogeneous-smoke,task-1777280734115666000,completed,att-task-1777280734115666000-1,1,0,,att-task-1777280734115666000-1,1,completed,worker-large,,1777280742,0,1777280746
overload,PPO,PPO,heterogeneous-smoke,task-1777280734118461000,completed,att-task-1777280734118461000-1,1,0,,att-task-1777280734118461000-1,1,completed,worker-medium,,1777280752,0,1777280756
overload,PPO,PPO,heterogeneous-smoke,task-1777280734121301000,completed,att-task-1777280734121301000-1,1,0,,att-task-1777280734121301000-1,1,completed,worker-small,,1777280742,0,1777280746
overload,PPO,PPO,heterogeneous-smoke,task-1777280734124357000,completed,att-task-1777280734124357000-1,1,0,,att-task-1777280734124357000-1,1,completed,worker-large,,1777280757,0,1777280761
overload,PPO,PPO,heterogeneous-smoke,task-1777280734127535000,completed,att-task-1777280734127535000-1,1,0,,att-task-1777280734127535000-1,1,completed,worker-small,,1777280742,0,1777280746
overload,PPO,PPO,heterogeneous-smoke,task-1777280734131045000,completed,att-task-1777280734131045000-1,1,0,,att-task-1777280734131045000-1,1,completed,worker-small,,1777280747,0,1777280751
overload,PPO,PPO,heterogeneous-smoke,task-1777280734134142000,completed,att-task-1777280734134142000-1,1,0,,att-task-1777280734134142000-1,1,completed,worker-large,,1777280752,0,1777280756
overload,PPO,PPO,heterogeneous-smoke,task-1777280734137436000,completed,att-task-1777280734137436000-1,1,0,,att-task-1777280734137436000-1,1,completed,worker-medium,,1777280757,1777280767,1777280768
overload,PPO,PPO,heterogeneous-smoke,task-1777280734140231000,completed,att-task-1777280734140231000-1,1,0,,att-task-1777280734140231000-1,1,completed,worker-large,,1777280752,0,1777280756
overload,PPO,PPO,heterogeneous-smoke,task-1777280734142490000,completed,att-task-1777280734142490000-1,1,0,,att-task-1777280734142490000-1,1,completed,worker-large,,1777280762,0,1777280766
overload,PPO,PPO,heterogeneous-smoke,task-1777280734144567000,completed,att-task-1777280734144567000-1,1,0,,att-task-1777280734144567000-1,1,completed,worker-small,,1777280752,1777280757,1777280757
overload,PPO,PPO,heterogeneous-smoke,task-1777280734146554000,completed,att-task-1777280734146554000-1,1,0,,att-task-1777280734146554000-1,1,completed,worker-large,,1777280767,1777280772,1777280772
overload,PPO,PPO,heterogeneous-smoke,task-1777280734148595000,completed,att-task-1777280734148595000-1,1,0,,att-task-1777280734148595000-1,1,completed,worker-medium,,1777280757,0,1777280761
overload,PPO,PPO,heterogeneous-smoke,task-1777280734150307000,completed,att-task-1777280734150307000-1,1,0,,att-task-1777280734150307000-1,1,completed,worker-medium,,1777280772,0,1777280776
overload,PPO,PPO,steady-cpu,task-1777280780111772000,completed,att-task-1777280780111772000-1,1,0,,att-task-1777280780111772000-1,1,completed,worker-large,,1777280782,0,1777280786
overload,PPO,PPO,steady-cpu,task-1777280781120507000,completed,att-task-1777280781120507000-1,1,0,,att-task-1777280781120507000-1,1,completed,worker-large,,1777280782,1777280787,1777280791
overload,PPO,PPO,steady-cpu,task-1777280782129731000,completed,att-task-1777280782129731000-1,1,0,,att-task-1777280782129731000-1,1,completed,worker-large,,1777280782,0,1777280786
overload,PPO,PPO,steady-cpu,task-1777280783137531000,completed,att-task-1777280783137531000-1,1,0,,att-task-1777280783137531000-1,1,completed,worker-large,,1777280787,0,1777280791
overload,PPO,PPO,steady-cpu,task-1777280784147124000,completed,att-task-1777280784147124000-1,1,0,,att-task-1777280784147124000-1,1,completed,worker-medium,,1777280787,0,1777280791
overload,PPO,PPO,steady-cpu,task-1777280785154960000,completed,att-task-1777280785154960000-1,1,0,,att-task-1777280785154960000-1,1,completed,worker-medium,,1777280787,0,1777280791
overload,PPO,PPO,steady-cpu,task-1777280786167278000,completed,att-task-1777280786167278000-1,1,0,,att-task-1777280786167278000-1,1,completed,worker-small,,1777280787,0,1777280791
overload,PPO,PPO,steady-cpu,task-1777280787173422000,completed,att-task-1777280787173422000-1,1,0,,att-task-1777280787173422000-1,1,completed,worker-large,,1777280792,0,1777280796
overload,PPO,PPO,steady-cpu,task-1777280787178611000,completed,att-task-1777280787178611000-1,1,0,,att-task-1777280787178611000-1,1,completed,worker-small,,1777280787,0,1777280791
overload,PPO,PPO,steady-cpu,task-1777280788188272000,completed,att-task-1777280788188272000-1,1,0,,att-task-1777280788188272000-1,1,completed,worker-large,,1777280792,0,1777280796
overload,PPO,PPO,steady-cpu,task-1777280789196579000,completed,att-task-1777280789196579000-1,1,0,,att-task-1777280789196579000-1,1,completed,worker-medium,,1777280792,0,1777280796
overload,PPO,PPO,steady-cpu,task-1777280790207106000,completed,att-task-1777280790207106000-1,1,0,,att-task-1777280790207106000-1,1,completed,worker-medium,,1777280792,0,1777280796
overload,PPO,PPO,steady-cpu,task-1777280791215582000,completed,att-task-1777280791215582000-1,1,0,,att-task-1777280791215582000-1,1,completed,worker-small,,1777280792,0,1777280796
overload,PPO,PPO,steady-cpu,task-1777280792223079000,completed,att-task-1777280792223079000-1,1,0,,att-task-1777280792223079000-1,1,completed,worker-large,,1777280797,0,1777280801
overload,PPO,PPO,steady-cpu,task-1777280793230363000,completed,att-task-1777280793230363000-1,1,0,,att-task-1777280793230363000-1,1,completed,worker-large,,1777280797,0,1777280801
overload,PPO,PPO,steady-cpu,task-1777280794238803000,completed,att-task-1777280794238803000-1,1,0,,att-task-1777280794238803000-1,1,completed,worker-medium,,1777280797,0,1777280801
overload,PPO,PPO,steady-cpu,task-1777280794243856000,completed,att-task-1777280794243856000-1,1,0,,att-task-1777280794243856000-1,1,completed,worker-large,,1777280797,1777280802,1777280803
overload,PPO,PPO,steady-cpu,task-1777280795253402000,completed,att-task-1777280795253402000-1,1,0,,att-task-1777280795253402000-1,1,completed,worker-large,,1777280802,0,1777280806
overload,PPO,PPO,steady-cpu,task-1777280796259251000,completed,att-task-1777280796259251000-1,1,0,,att-task-1777280796259251000-1,1,completed,worker-large,,1777280797,0,1777280801
overload,PPO,PPO,steady-cpu,task-1777280797267412000,completed,att-task-1777280797267412000-1,1,0,,att-task-1777280797267412000-1,1,completed,worker-medium,,1777280802,0,1777280806
overload,PPO,PPO,steady-cpu,task-1777280798273459000,completed,att-task-1777280798273459000-1,1,0,,att-task-1777280798273459000-1,1,completed,worker-large,,1777280802,0,1777280806
overload,PPO,PPO,steady-cpu,task-1777280799285928000,completed,att-task-1777280799285928000-1,1,0,,att-task-1777280799285928000-1,1,completed,worker-large,,1777280807,0,1777280811
overload,PPO,PPO,steady-cpu,task-1777280800296965000,completed,att-task-1777280800296965000-1,1,0,,att-task-1777280800296965000-1,1,completed,worker-large,,1777280802,1777280807,1777280809
overload,PPO,PPO,steady-cpu,task-1777280801305014000,completed,att-task-1777280801305014000-1,1,0,,att-task-1777280801305014000-1,1,completed,worker-medium,,1777280807,0,1777280811
overload,PPO,PPO,bursty,task-1777280816598302000,completed,att-task-1777280816598302000-1,1,0,,att-task-1777280816598302000-1,1,completed,worker-large,,1777280817,0,1777280821
overload,PPO,PPO,bursty,task-1777280816602853000,completed,att-task-1777280816602853000-1,1,0,,att-task-1777280816602853000-1,1,completed,worker-large,,1777280817,0,1777280821
overload,PPO,PPO,bursty,task-1777280816606353000,failed,att-task-1777280816606353000-1,1,0,,att-task-1777280816606353000-1,1,failed,worker-large,container_failed,1777280817,0,1777280820
overload,PPO,PPO,bursty,task-1777280816610342000,completed,att-task-1777280816610342000-1,1,0,,att-task-1777280816610342000-1,1,completed,worker-medium,,1777280817,0,1777280821
overload,PPO,PPO,bursty,task-1777280820617446000,completed,att-task-1777280820617446000-1,1,0,,att-task-1777280820617446000-1,1,completed,worker-large,,1777280822,0,1777280826
overload,PPO,PPO,bursty,task-1777280820621389000,completed,att-task-1777280820621389000-1,1,0,,att-task-1777280820621389000-1,1,completed,worker-large,,1777280822,0,1777280826
overload,PPO,PPO,bursty,task-1777280820624018000,completed,att-task-1777280820624018000-1,1,0,,att-task-1777280820624018000-1,1,completed,worker-large,,1777280822,0,1777280826
overload,PPO,PPO,bursty,task-1777280824629645000,failed,att-task-1777280824629645000-1,1,0,,att-task-1777280824629645000-1,1,failed,worker-large,container_failed,1777280827,0,1777280831
overload,PPO,PPO,bursty,task-1777280824632564000,completed,att-task-1777280824632564000-1,1,0,,att-task-1777280824632564000-1,1,completed,worker-large,,1777280827,0,1777280831
overload,PPO,PPO,bursty,task-1777280824634816000,completed,att-task-1777280824634816000-1,1,0,,att-task-1777280824634816000-1,1,completed,worker-medium,,1777280827,0,1777280831
overload,PPO,PPO,bursty,task-1777280824636291000,completed,att-task-1777280824636291000-1,1,0,,att-task-1777280824636291000-1,1,completed,worker-large,,1777280827,0,1777280831
overload,PPO,PPO,bursty,task-1777280824638071000,completed,att-task-1777280824638071000-1,1,0,,att-task-1777280824638071000-1,1,completed,worker-small,,1777280827,0,1777280831
overload,PPO,PPO,bursty,task-1777280824640275000,failed,att-task-1777280824640275000-1,1,0,,att-task-1777280824640275000-1,1,failed,worker-large,container_failed,1777280827,0,1777280831
overload,PPO,PPO,bursty,task-1777280824642319000,completed,att-task-1777280824642319000-1,1,0,,att-task-1777280824642319000-1,1,completed,worker-large,,1777280832,1777280842,1777280843
overload,PPO,PPO,bursty,task-1777280828650205000,completed,att-task-1777280828650205000-1,1,0,,att-task-1777280828650205000-1,1,completed,worker-large,,1777280832,0,1777280836
overload,PPO,PPO,bursty,task-1777280828654366000,completed,att-task-1777280828654366000-1,1,0,,att-task-1777280828654366000-1,1,completed,worker-medium,,1777280832,1777280837,1777280841
overload,PPO,PPO,bursty,task-1777280828657191000,completed,att-task-1777280828657191000-1,1,0,,att-task-1777280828657191000-1,1,completed,worker-large,,1777280832,0,1777280836
overload,PPO,PPO,bursty,task-1777280832666057000,failed,att-task-1777280832666057000-1,1,0,,att-task-1777280832666057000-1,1,failed,worker-medium,container_failed,1777280832,0,1777280835
overload,PPO,PPO,bursty,task-1777280832672465000,completed,att-task-1777280832672465000-1,1,0,,att-task-1777280832672465000-1,1,completed,worker-small,,1777280832,0,1777280836
overload,PPO,PPO,bursty,task-1777280832675749000,completed,att-task-1777280832675749000-1,1,0,,att-task-1777280832675749000-1,1,completed,worker-large,,1777280837,1777280842,1777280842
overload,PPO,PPO,bursty,task-1777280832678703000,completed,att-task-1777280832678703000-1,1,0,,att-task-1777280832678703000-1,1,completed,worker-medium,,1777280837,0,1777280841
overload,PPO,PPO,bursty,task-1777280832681322000,completed,att-task-1777280832681322000-1,1,0,,att-task-1777280832681322000-1,1,completed,worker-small,,1777280837,1777280852,1777280852
overload,PPO,PPO,bursty,task-1777280832683718000,failed,att-task-1777280832683718000-1,1,0,,att-task-1777280832683718000-1,1,failed,worker-medium,container_failed,1777280842,0,1777280845
overload,PPO,PPO,bursty,task-1777280832685876000,completed,att-task-1777280832685876000-1,1,0,,att-task-1777280832685876000-1,1,completed,worker-large,,1777280847,0,1777280851
overload,PPO,PPO,bursty,task-1777280836693985000,completed,att-task-1777280836693985000-1,1,0,,att-task-1777280836693985000-1,1,completed,worker-medium,,1777280842,0,1777280846
overload,PPO,PPO,bursty,task-1777280836698613000,completed,att-task-1777280836698613000-1,1,0,,att-task-1777280836698613000-1,1,completed,worker-large,,1777280847,1777280852,1777280852
overload,PPO,PPO,bursty,task-1777280836701533000,completed,att-task-1777280836701533000-1,1,0,,att-task-1777280836701533000-1,1,completed,worker-medium,,1777280847,0,1777280851
overload,PPO,PPO,bursty,task-1777280840705109000,failed,att-task-1777280840705109000-1,1,0,,att-task-1777280840705109000-1,1,failed,worker-medium,container_failed,1777280847,1777280907,1777280909
overload,PPO,PPO,bursty,task-1777280840707596000,completed,att-task-1777280840707596000-1,1,0,,att-task-1777280840707596000-1,1,completed,worker-medium,,1777280852,1777280857,1777280861
overload,PPO,PPO,bursty,task-1777280840711235000,completed,att-task-1777280840711235000-1,1,0,,att-task-1777280840711235000-1,1,completed,worker-large,,1777280852,0,1777280856
overload,PPO,PPO,memory-pressure,task-1777280913340824000,failed,att-task-1777280913340824000-1,1,0,,att-task-1777280913340824000-1,1,failed,worker-large,container_failed,1777280917,0,1777280921
overload,PPO,PPO,memory-pressure,task-1777280913849384000,failed,att-task-1777280913849384000-1,1,0,,att-task-1777280913849384000-1,1,failed,worker-large,container_failed,1777280917,0,1777280921
overload,PPO,PPO,memory-pressure,task-1777280914357660000,completed,att-task-1777280914357660000-1,1,0,,att-task-1777280914357660000-1,1,completed,worker-medium,,1777280917,0,1777280921
overload,PPO,PPO,memory-pressure,task-1777280914863603000,failed,att-task-1777280914863603000-1,1,0,,att-task-1777280914863603000-1,1,failed,worker-large,container_failed,1777280922,0,1777280926
overload,PPO,PPO,memory-pressure,task-1777280915372759000,completed,att-task-1777280915372759000-1,1,0,,att-task-1777280915372759000-1,1,completed,worker-medium,,1777280917,0,1777280921
overload,PPO,PPO,memory-pressure,task-1777280915880608000,failed,att-task-1777280915880608000-1,1,0,,att-task-1777280915880608000-1,1,failed,worker-large,container_failed,1777280922,1777280942,1777280944
overload,PPO,PPO,memory-pressure,task-1777280915885506000,failed,att-task-1777280915885506000-1,1,0,,att-task-1777280915885506000-1,1,failed,worker-medium,container_failed,1777280922,0,1777280926
overload,PPO,PPO,memory-pressure,task-1777280916391052000,failed,att-task-1777280916391052000-1,1,0,,att-task-1777280916391052000-1,1,failed,worker-large,container_failed,1777280927,0,1777280930
overload,PPO,PPO,memory-pressure,task-1777280916899955000,completed,att-task-1777280916899955000-1,1,0,,att-task-1777280916899955000-1,1,completed,worker-small,,1777280917,0,1777280921
overload,PPO,PPO,memory-pressure,task-1777280917408948000,failed,att-task-1777280917408948000-1,1,0,,att-task-1777280917408948000-1,1,failed,worker-medium,container_failed,1777280927,0,1777280930
overload,PPO,PPO,memory-pressure,task-1777280917912766000,completed,att-task-1777280917912766000-1,1,0,,att-task-1777280917912766000-1,1,completed,worker-small,,1777280922,0,1777280926
overload,PPO,PPO,memory-pressure,task-1777280918419213000,failed,att-task-1777280918419213000-1,1,0,,att-task-1777280918419213000-1,1,failed,worker-large,container_failed,1777280932,0,1777280935
overload,PPO,PPO,memory-pressure,task-1777280918423242000,failed,att-task-1777280918423242000-1,1,0,,att-task-1777280918423242000-1,1,failed,worker-medium,container_failed,1777280932,0,1777280936
overload,PPO,PPO,memory-pressure,task-1777280918930677000,failed,att-task-1777280918930677000-1,1,0,,att-task-1777280918930677000-1,1,failed,worker-large,container_failed,1777280937,0,1777280940
overload,PPO,PPO,memory-pressure,task-1777280919437363000,completed,att-task-1777280919437363000-1,1,0,,att-task-1777280919437363000-1,1,completed,worker-small,,1777280927,1777280932,1777280932
overload,PPO,PPO,memory-pressure,task-1777280919946466000,failed,att-task-1777280919946466000-1,1,0,,att-task-1777280919946466000-1,1,failed,worker-medium,container_failed,1777280937,0,1777280940
overload,PPO,PPO,memory-pressure,task-1777280920457161000,completed,att-task-1777280920457161000-1,1,0,,att-task-1777280920457161000-1,1,completed,worker-small,,1777280932,1777280942,1777280944
overload,PPO,PPO,memory-pressure,task-1777280920967682000,failed,att-task-1777280920967682000-1,1,0,,att-task-1777280920967682000-1,1,failed,worker-large,container_failed,1777280942,0,1777280945
