profile,scheduler,task_id,task_type,worker_id,arrival_sec,start_sec,finish_sec,wait_sec,runtime_sec,deadline_sec,sla_success
steady,RTS,steady-000,cpu-light,worker-cpu-a,0.000,0.000,6.237,0.000,6.237,16.000,true
steady,RTS,steady-003,cpu-light,worker-balanced,6.000,6.000,13.534,0.000,7.534,22.000,true
steady,RTS,steady-001,mixed,worker-mem-a,1.000,1.000,17.072,0.000,16.072,43.000,true
steady,RTS,steady-004,cpu-light,worker-cpu-a,12.000,12.000,17.816,0.000,5.816,28.000,true
steady,RTS,steady-005,cpu-light,worker-cpu-a,18.000,18.000,24.250,0.000,6.250,34.000,true
steady,RTS,steady-002,memory-heavy,worker-storage-a,2.000,2.000,24.866,0.000,22.866,63.600,true
steady,RTS,steady-007,cpu-light,worker-balanced,24.000,24.000,31.815,0.000,7.815,40.000,true
steady,RTS,steady-008,cpu-light,worker-cpu-a,30.000,30.000,36.250,0.000,6.250,46.000,true
steady,RTS,steady-006,mixed,worker-mem-a,19.000,19.000,37.701,0.000,18.701,61.000,true
steady,RTS,steady-010,cpu-light,worker-balanced,36.000,36.000,44.377,0.000,8.377,52.000,true
steady,RTS,steady-012,cpu-light,worker-mem-a,42.000,42.000,49.779,0.000,7.779,58.000,true
steady,RTS,steady-011,mixed,worker-cpu-a,37.000,37.000,54.928,0.000,17.928,79.000,true
steady,RTS,steady-009,memory-heavy,worker-storage-a,32.000,32.000,55.056,0.000,23.056,93.600,true
steady,RTS,steady-013,cpu-light,worker-balanced,48.000,48.000,55.394,0.000,7.394,64.000,true
steady,RTS,steady-014,cpu-light,worker-mem-a,54.000,54.000,62.262,0.000,8.262,70.000,true
steady,RTS,steady-016,cpu-light,worker-balanced,60.000,60.000,68.340,0.000,8.340,76.000,true
steady,RTS,steady-015,mixed,worker-cpu-a,55.000,55.000,73.872,0.000,18.872,97.000,true
steady,RTS,steady-018,cpu-light,worker-storage-a,66.000,66.000,74.707,0.000,8.707,82.000,true
steady,RTS,steady-017,memory-heavy,worker-mem-a,62.000,62.000,80.378,0.000,18.378,123.600,true
steady,RTS,steady-019,cpu-light,worker-balanced,72.000,72.000,80.753,0.000,8.753,88.000,true
steady,RTS,steady-021,cpu-light,worker-cpu-a,78.000,78.000,84.195,0.000,6.195,94.000,true
steady,RTS,steady-022,cpu-light,worker-mem-a,84.000,84.000,91.659,0.000,7.659,100.000,true
steady,RTS,steady-020,mixed,worker-balanced,73.000,73.000,91.764,0.000,18.764,115.000,true
steady,RTS,steady-023,cpu-light,worker-cpu-a,90.000,90.000,96.051,0.000,6.051,106.000,true
steady,RTS,steady-026,cpu-light,worker-balanced,96.000,96.000,104.683,0.000,8.683,112.000,true
steady,RTS,steady-025,memory-heavy,worker-mem-a,92.000,92.000,107.770,0.000,15.770,153.600,true
steady,RTS,steady-027,cpu-light,worker-cpu-a,102.000,102.000,107.926,0.000,5.926,118.000,true
steady,RTS,steady-024,mixed,worker-storage-a,91.000,91.000,108.725,0.000,17.725,133.000,true
steady,RTS,steady-028,cpu-light,worker-cpu-a,108.000,108.000,114.337,0.000,6.337,124.000,true
steady,RTS,steady-030,cpu-light,worker-balanced,114.000,114.000,121.788,0.000,7.788,130.000,true
steady,RTS,steady-029,mixed,worker-mem-a,109.000,109.000,125.583,0.000,16.583,151.000,true
steady,RTS,steady-031,cpu-light,worker-cpu-a,120.000,120.000,126.684,0.000,6.684,136.000,true
steady,RTS,steady-033,cpu-light,worker-mem-a,126.000,126.000,134.796,0.000,8.796,142.000,true
steady,RTS,steady-035,cpu-light,worker-balanced,132.000,132.000,140.758,0.000,8.758,148.000,true
steady,RTS,steady-034,mixed,worker-cpu-a,127.000,127.000,144.367,0.000,17.367,169.000,true
steady,RTS,steady-032,memory-heavy,worker-storage-a,122.000,122.000,146.159,0.000,24.159,183.600,true
steady,RTS,steady-036,cpu-light,worker-mem-a,138.000,138.000,146.699,0.000,8.699,154.000,true
steady,RTS,steady-037,cpu-light,worker-balanced,144.000,144.000,152.569,0.000,8.569,160.000,true
steady,RTS,steady-039,cpu-light,worker-mem-a,150.000,150.000,158.204,0.000,8.204,166.000,true
steady,RTS,steady-038,mixed,worker-cpu-a,145.000,145.000,162.676,0.000,17.676,187.000,true
steady,RTS,steady-041,cpu-light,worker-balanced,156.000,156.000,164.410,0.000,8.410,172.000,true
steady,RTS,steady-042,cpu-light,worker-storage-a,162.000,162.000,169.608,0.000,7.608,178.000,true
steady,RTS,steady-040,memory-heavy,worker-mem-a,152.000,152.000,170.474,0.000,18.474,213.600,true
steady,RTS,steady-044,cpu-light,worker-balanced,168.000,168.000,176.327,0.000,8.327,184.000,true
steady,RTS,steady-043,mixed,worker-cpu-a,163.000,163.000,180.316,0.000,17.316,205.000,true
steady,RTS,steady-045,cpu-light,worker-mem-a,174.000,174.000,182.115,0.000,8.115,190.000,true
steady,RTS,steady-046,cpu-light,worker-balanced,180.000,180.000,188.535,0.000,8.535,196.000,true
steady,RTS,steady-049,cpu-light,worker-storage-a,186.000,186.000,194.462,0.000,8.462,202.000,true
steady,RTS,steady-050,cpu-light,worker-balanced,192.000,192.000,199.499,0.000,7.499,208.000,true
steady,RTS,steady-048,memory-heavy,worker-mem-a,182.000,182.000,199.818,0.000,17.818,243.600,true
steady,RTS,steady-047,mixed,worker-cpu-a,181.000,181.000,200.166,0.000,19.166,223.000,true
steady,RTS,steady-051,cpu-light,worker-storage-a,198.000,198.000,205.483,0.000,7.483,214.000,true
steady,RTS,steady-053,cpu-light,worker-cpu-a,204.000,204.000,210.776,0.000,6.776,220.000,true
steady,RTS,steady-054,cpu-light,worker-mem-a,210.000,210.000,218.053,0.000,8.053,226.000,true
steady,RTS,steady-052,mixed,worker-balanced,199.000,199.000,221.091,0.000,22.091,241.000,true
steady,RTS,steady-056,cpu-light,worker-cpu-a,216.000,216.000,222.340,0.000,6.340,232.000,true
steady,RTS,steady-055,memory-heavy,worker-mem-a,212.000,212.000,228.680,0.000,16.680,273.600,true
steady,RTS,steady-058,cpu-light,worker-balanced,222.000,222.000,229.263,0.000,7.263,238.000,true
steady,RTS,steady-057,mixed,worker-storage-a,217.000,217.000,233.460,0.000,16.460,259.000,true
steady,RTS,steady-059,cpu-light,worker-cpu-a,228.000,228.000,234.091,0.000,6.091,244.000,true
steady,RTS,steady-060,cpu-light,worker-mem-a,234.000,234.000,242.662,0.000,8.662,250.000,true
steady,RTS,steady-062,cpu-light,worker-balanced,240.000,240.000,247.468,0.000,7.468,256.000,true
steady,RTS,steady-064,cpu-light,worker-storage-a,246.000,246.000,253.297,0.000,7.297,262.000,true
steady,RTS,steady-061,mixed,worker-cpu-a,235.000,235.000,254.703,0.000,19.703,277.000,true
steady,RTS,steady-065,cpu-light,worker-balanced,252.000,252.000,259.677,0.000,7.677,268.000,true
steady,RTS,steady-063,memory-heavy,worker-mem-a,242.000,242.000,260.409,0.000,18.409,303.600,true
steady,RTS,steady-067,cpu-light,worker-cpu-a,258.000,258.000,264.500,0.000,6.500,274.000,true
steady,RTS,steady-066,mixed,worker-balanced,253.000,253.000,272.520,0.000,19.520,295.000,true
steady,RTS,steady-068,cpu-light,worker-mem-a,264.000,264.000,272.637,0.000,8.637,280.000,true
steady,RTS,steady-069,cpu-light,worker-cpu-a,270.000,270.000,276.869,0.000,6.869,286.000,true
steady,RTS,steady-072,cpu-light,worker-balanced,276.000,276.000,283.926,0.000,7.926,292.000,true
steady,RTS,steady-070,mixed,worker-storage-a,271.000,271.000,287.350,0.000,16.350,313.000,true
steady,RTS,steady-073,cpu-light,worker-cpu-a,282.000,282.000,288.900,0.000,6.900,298.000,true
steady,RTS,steady-071,memory-heavy,worker-mem-a,272.000,272.000,290.317,0.000,18.317,333.600,true
steady,RTS,steady-074,cpu-light,worker-balanced,288.000,288.000,296.221,0.000,8.221,304.000,true
steady,RTS,steady-076,cpu-light,worker-mem-a,294.000,294.000,301.917,0.000,7.917,310.000,true
steady,RTS,steady-077,cpu-light,worker-balanced,300.000,300.000,307.358,0.000,7.358,316.000,true
steady,RTS,steady-075,mixed,worker-cpu-a,289.000,289.000,308.155,0.000,19.155,331.000,true
steady,RTS,steady-079,cpu-light,worker-storage-a,306.000,306.000,314.599,0.000,8.599,322.000,true
steady,RTS,steady-081,cpu-light,worker-cpu-a,312.000,312.000,318.994,0.000,6.994,328.000,true
steady,RTS,steady-078,memory-heavy,worker-mem-a,302.000,302.000,319.293,0.000,17.293,363.600,true
steady,RTS,steady-082,cpu-light,worker-storage-a,318.000,318.000,325.637,0.000,7.637,334.000,true
steady,RTS,steady-080,mixed,worker-balanced,307.000,307.000,328.995,0.000,21.995,349.000,true
steady,RTS,steady-083,cpu-light,worker-cpu-a,324.000,324.000,330.700,0.000,6.700,340.000,true
steady,RTS,steady-085,cpu-light,worker-balanced,330.000,330.000,338.331,0.000,8.331,346.000,true
steady,RTS,steady-087,cpu-light,worker-cpu-a,336.000,336.000,341.960,0.000,5.960,352.000,true
steady,RTS,steady-084,mixed,worker-mem-a,325.000,325.000,342.400,0.000,17.400,367.000,true
steady,RTS,steady-088,cpu-light,worker-cpu-a,342.000,342.000,348.034,0.000,6.034,358.000,true
steady,RTS,steady-090,cpu-light,worker-balanced,348.000,348.000,355.637,0.000,7.637,364.000,true
steady,RTS,steady-086,memory-heavy,worker-storage-a,332.000,332.000,355.828,0.000,23.828,393.600,true
steady,RTS,steady-091,cpu-light,worker-cpu-a,354.000,354.000,361.032,0.000,7.032,370.000,true
steady,RTS,steady-089,mixed,worker-mem-a,343.000,343.000,361.635,0.000,18.635,385.000,true
steady,Round-Robin,steady-000,cpu-light,worker-balanced,0.000,0.000,7.797,0.000,7.797,16.000,true
steady,Round-Robin,steady-003,cpu-light,worker-storage-a,6.000,6.000,13.534,0.000,7.534,22.000,true
steady,Round-Robin,steady-001,mixed,worker-cpu-a,1.000,1.000,18.351,0.000,17.351,43.000,true
steady,Round-Robin,steady-004,cpu-light,worker-balanced,12.000,12.000,19.270,0.000,7.270,28.000,true
steady,Round-Robin,steady-002,memory-heavy,worker-mem-a,2.000,2.000,19.721,0.000,17.721,63.600,true
steady,Round-Robin,steady-005,cpu-light,worker-cpu-a,18.000,18.000,24.531,0.000,6.531,34.000,true
steady,Round-Robin,steady-007,cpu-light,worker-storage-a,24.000,24.000,31.815,0.000,7.815,40.000,true
steady,Round-Robin,steady-008,cpu-light,worker-balanced,30.000,30.000,37.813,0.000,7.813,46.000,true
steady,Round-Robin,steady-006,mixed,worker-mem-a,19.000,19.000,38.508,0.000,19.508,61.000,true
steady,Round-Robin,steady-010,cpu-light,worker-mem-a,36.000,36.000,44.782,0.000,8.782,52.000,true
steady,Round-Robin,steady-012,cpu-light,worker-balanced,42.000,42.000,49.779,0.000,7.779,58.000,true
steady,Round-Robin,steady-011,mixed,worker-storage-a,37.000,37.000,53.230,0.000,16.230,79.000,true
steady,Round-Robin,steady-013,cpu-light,worker-cpu-a,48.000,48.000,54.152,0.000,6.152,64.000,true
steady,Round-Robin,steady-014,cpu-light,worker-mem-a,54.000,54.000,62.262,0.000,8.262,70.000,true
steady,Round-Robin,steady-009,memory-heavy,worker-cpu-a,32.000,32.000,65.143,0.000,33.143,93.600,true
steady,Round-Robin,steady-016,cpu-light,worker-balanced,60.000,60.000,68.340,0.000,8.340,76.000,true
steady,Round-Robin,steady-015,mixed,worker-storage-a,55.000,55.000,72.084,0.000,17.084,97.000,true
steady,Round-Robin,steady-018,cpu-light,worker-mem-a,66.000,66.000,74.707,0.000,8.707,82.000,true
steady,Round-Robin,steady-019,cpu-light,worker-storage-a,72.000,72.000,81.138,0.000,9.138,88.000,true
steady,Round-Robin,steady-021,cpu-light,worker-cpu-a,78.000,78.000,84.444,0.000,6.444,94.000,true
steady,Round-Robin,steady-020,mixed,worker-balanced,73.000,73.000,91.477,0.000,18.477,115.000,true
steady,Round-Robin,steady-022,cpu-light,worker-mem-a,84.000,84.000,91.659,0.000,7.659,100.000,true
steady,Round-Robin,steady-017,memory-heavy,worker-cpu-a,62.000,62.000,96.937,0.000,34.937,123.600,true
steady,Round-Robin,steady-023,cpu-light,worker-storage-a,90.000,90.000,97.563,0.000,7.563,106.000,true
steady,Round-Robin,steady-026,cpu-light,worker-mem-a,96.000,96.000,104.683,0.000,8.683,112.000,true
steady,Round-Robin,steady-027,cpu-light,worker-storage-a,102.000,102.000,109.408,0.000,7.408,118.000,true
steady,Round-Robin,steady-024,mixed,worker-balanced,91.000,91.000,112.655,0.000,21.655,133.000,true
steady,Round-Robin,steady-028,cpu-light,worker-balanced,108.000,108.000,116.323,0.000,8.323,124.000,true
steady,Round-Robin,steady-030,cpu-light,worker-mem-a,114.000,114.000,121.788,0.000,7.788,130.000,true
steady,Round-Robin,steady-025,memory-heavy,worker-cpu-a,92.000,92.000,122.423,0.000,30.423,153.600,true
steady,Round-Robin,steady-029,mixed,worker-cpu-a,109.000,109.000,127.620,0.000,18.620,151.000,true
steady,Round-Robin,steady-031,cpu-light,worker-storage-a,120.000,120.000,128.355,0.000,8.355,136.000,true
steady,Round-Robin,steady-033,cpu-light,worker-cpu-a,126.000,126.000,133.353,0.000,7.353,142.000,true
steady,Round-Robin,steady-035,cpu-light,worker-storage-a,132.000,132.000,140.758,0.000,8.758,148.000,true
steady,Round-Robin,steady-034,mixed,worker-mem-a,127.000,127.000,143.087,0.000,16.087,169.000,true
steady,Round-Robin,steady-036,cpu-light,worker-balanced,138.000,138.000,147.092,0.000,9.092,154.000,true
steady,Round-Robin,steady-037,cpu-light,worker-cpu-a,144.000,144.000,150.856,0.000,6.856,160.000,true
steady,Round-Robin,steady-032,memory-heavy,worker-balanced,122.000,122.000,152.199,0.000,30.199,183.600,true
steady,Round-Robin,steady-039,cpu-light,worker-storage-a,150.000,150.000,158.204,0.000,8.204,166.000,true
steady,Round-Robin,steady-038,mixed,worker-mem-a,145.000,145.000,161.374,0.000,16.374,187.000,true
steady,Round-Robin,steady-041,cpu-light,worker-cpu-a,156.000,156.000,162.728,0.000,6.728,172.000,true
steady,Round-Robin,steady-042,cpu-light,worker-mem-a,162.000,162.000,169.608,0.000,7.608,178.000,true
steady,Round-Robin,steady-044,cpu-light,worker-balanced,168.000,168.000,176.704,0.000,8.704,184.000,true
steady,Round-Robin,steady-043,mixed,worker-storage-a,163.000,163.000,178.676,0.000,15.676,205.000,true
steady,Round-Robin,steady-045,cpu-light,worker-cpu-a,174.000,174.000,180.492,0.000,6.492,190.000,true
steady,Round-Robin,steady-040,memory-heavy,worker-balanced,152.000,152.000,182.690,0.000,30.690,213.600,true
steady,Round-Robin,steady-046,cpu-light,worker-mem-a,180.000,180.000,188.535,0.000,8.535,196.000,true
steady,Round-Robin,steady-049,cpu-light,worker-cpu-a,186.000,186.000,192.770,0.000,6.770,202.000,true
steady,Round-Robin,steady-047,mixed,worker-storage-a,181.000,181.000,198.350,0.000,17.350,223.000,true
steady,Round-Robin,steady-050,cpu-light,worker-mem-a,192.000,192.000,199.499,0.000,7.499,208.000,true
steady,Round-Robin,steady-051,cpu-light,worker-storage-a,198.000,198.000,205.812,0.000,7.812,214.000,true
steady,Round-Robin,steady-053,cpu-light,worker-cpu-a,204.000,204.000,210.776,0.000,6.776,220.000,true
steady,Round-Robin,steady-048,memory-heavy,worker-balanced,182.000,182.000,211.599,0.000,29.599,243.600,true
steady,Round-Robin,steady-054,cpu-light,worker-mem-a,210.000,210.000,218.053,0.000,8.053,226.000,true
steady,Round-Robin,steady-052,mixed,worker-balanced,199.000,199.000,221.737,0.000,22.737,241.000,true
steady,Round-Robin,steady-056,cpu-light,worker-balanced,216.000,216.000,224.327,0.000,8.327,232.000,true
steady,Round-Robin,steady-058,cpu-light,worker-mem-a,222.000,222.000,229.263,0.000,7.263,238.000,true
steady,Round-Robin,steady-055,memory-heavy,worker-storage-a,212.000,212.000,233.208,0.000,21.208,273.600,true
steady,Round-Robin,steady-057,mixed,worker-cpu-a,217.000,217.000,235.183,0.000,18.183,259.000,true
steady,Round-Robin,steady-059,cpu-light,worker-storage-a,228.000,228.000,235.913,0.000,7.913,244.000,true
steady,Round-Robin,steady-060,cpu-light,worker-balanced,234.000,234.000,242.662,0.000,8.662,250.000,true
steady,Round-Robin,steady-062,cpu-light,worker-mem-a,240.000,240.000,247.468,0.000,7.468,256.000,true
steady,Round-Robin,steady-064,cpu-light,worker-balanced,246.000,246.000,253.297,0.000,7.297,262.000,true
steady,Round-Robin,steady-061,mixed,worker-cpu-a,235.000,235.000,255.588,0.000,20.588,277.000,true
steady,Round-Robin,steady-065,cpu-light,worker-cpu-a,252.000,252.000,258.418,0.000,6.418,268.000,true
steady,Round-Robin,steady-063,memory-heavy,worker-storage-a,242.000,242.000,265.406,0.000,23.406,303.600,true
steady,Round-Robin,steady-067,cpu-light,worker-storage-a,258.000,258.000,266.443,0.000,8.443,274.000,true
steady,Round-Robin,steady-066,mixed,worker-mem-a,253.000,253.000,269.915,0.000,16.915,295.000,true
steady,Round-Robin,steady-068,cpu-light,worker-balanced,264.000,264.000,272.637,0.000,8.637,280.000,true
steady,Round-Robin,steady-069,cpu-light,worker-cpu-a,270.000,270.000,276.869,0.000,6.869,286.000,true
steady,Round-Robin,steady-072,cpu-light,worker-balanced,276.000,276.000,283.926,0.000,7.926,292.000,true
steady,Round-Robin,steady-070,mixed,worker-mem-a,271.000,271.000,287.730,0.000,16.730,313.000,true
steady,Round-Robin,steady-073,cpu-light,worker-cpu-a,282.000,282.000,288.900,0.000,6.900,298.000,true
steady,Round-Robin,steady-071,memory-heavy,worker-storage-a,272.000,272.000,295.290,0.000,23.290,333.600,true
steady,Round-Robin,steady-074,cpu-light,worker-mem-a,288.000,288.000,296.221,0.000,8.221,304.000,true
steady,Round-Robin,steady-076,cpu-light,worker-balanced,294.000,294.000,301.917,0.000,7.917,310.000,true
steady,Round-Robin,steady-077,cpu-light,worker-cpu-a,300.000,300.000,305.886,0.000,5.886,316.000,true
steady,Round-Robin,steady-075,mixed,worker-storage-a,289.000,289.000,307.021,0.000,18.021,331.000,true
steady,Round-Robin,steady-079,cpu-light,worker-storage-a,306.000,306.000,314.977,0.000,8.977,322.000,true
steady,Round-Robin,steady-081,cpu-light,worker-cpu-a,312.000,312.000,318.994,0.000,6.994,328.000,true
steady,Round-Robin,steady-078,memory-heavy,worker-mem-a,302.000,302.000,319.293,0.000,17.293,363.600,true
steady,Round-Robin,steady-082,cpu-light,worker-mem-a,318.000,318.000,325.966,0.000,7.966,334.000,true
steady,Round-Robin,steady-080,mixed,worker-balanced,307.000,307.000,328.659,0.000,21.659,349.000,true
steady,Round-Robin,steady-083,cpu-light,worker-storage-a,324.000,324.000,332.375,0.000,8.375,340.000,true
steady,Round-Robin,steady-085,cpu-light,worker-cpu-a,330.000,330.000,336.665,0.000,6.665,346.000,true
steady,Round-Robin,steady-087,cpu-light,worker-storage-a,336.000,336.000,343.450,0.000,7.450,352.000,true
steady,Round-Robin,steady-084,mixed,worker-balanced,325.000,325.000,345.775,0.000,20.775,367.000,true
steady,Round-Robin,steady-088,cpu-light,worker-balanced,342.000,342.000,349.925,0.000,7.925,358.000,true
steady,Round-Robin,steady-086,memory-heavy,worker-mem-a,332.000,332.000,350.467,0.000,18.467,393.600,true
steady,Round-Robin,steady-090,cpu-light,worker-mem-a,348.000,348.000,355.967,0.000,7.967,364.000,true
steady,Round-Robin,steady-091,cpu-light,worker-storage-a,354.000,354.000,362.790,0.000,8.790,370.000,true
steady,Round-Robin,steady-089,mixed,worker-cpu-a,343.000,343.000,363.117,0.000,20.117,385.000,true
